Compound,Energy,Flag
3GYM_5RGU_-_ligand_docked_-_preprocessed,-20.5458515639,0
3GYM_active_44563627_docked_-_preprocessed,-62.326309582,1
3GYM_5RH1_-_ligand_docked_-_preprocessed,-35.8189075038,0
3GYM_active_44563635_docked_-_preprocessed,-47.1952615452,1
3GYM_5RH3_-_ligand_docked_-_preprocessed,-34.8004126778,0
3GYM_active_44563624_docked_-_preprocessed,-66.9685686403,1
3GYM__R_-Bepridil_docked_-_preprocessed,-35.8871710365,0
3GYM_Nelfinavir_2_docked_-_preprocessed,-61.2800112162,0
3GYM_active_44563621_docked_-_preprocessed,-58.2202303553,1
3GYM_active_44563640_docked_-_preprocessed,-52.0958353215,1
3GYM_active_44563634_docked_-_preprocessed,-99.7205107439,1
3GYM_5RGV_-_ligand_docked_-_preprocessed,-37.5223633525,0
3GYM_6M2N_-_ligand_docked_-_preprocessed,-28.8281061495,0
3GYM_active_44563637_docked_-_preprocessed,-105.700690881,1
3GYM_Pimozide_docked_-_preprocessed,-36.4685636685,0
3GYM_5RGZ_-_ligand_docked_-_preprocessed,-19.1790995187,0
3GYM_active_44563642_docked_-_preprocessed,-91.1955143118,1
3GYM_5RGI_-_ligand_docked_-_preprocessed,-27.4457798853,0
3GYM_5RGY_-_ligand_docked_-_preprocessed,-49.0378989011,0
3GYM_5RF7_-_ligand_docked_-_preprocessed,-27.7989003642,0
3GYM_5R80_-_ligand_docked_-_preprocessed,-35.1820312998,0
3GYM_active_44563626_docked_-_preprocessed,-92.642480831,1
3GYM_5RFE_-_ligand_docked_-_preprocessed,-44.7430034415,0
3GYM_active_44563639_docked_-_preprocessed,-85.5108680744,1
3GYM_5RG1_-_ligand_docked_-_preprocessed,-48.2290500283,0
3GYM_5R7Z_-_minimized_lig_docked_-_preprocessed,-22.8930999891,0
3GYM_5RH2_-_ligand_docked_-_preprocessed,-42.7193503248,0
3GYM_5REZ_-_ligand_docked_-_preprocessed,-24.4925041116,0
3GYM_active_44563628_docked_-_preprocessed,-77.842684701,1
3GYM_Lopinavir_2_docked_-_preprocessed,-64.6766210001,0
3GYM_5RGX_-_ligand_docked_-_preprocessed,-57.2245452206,0
3GYM_active_44563629_docked_-_preprocessed,-58.1621826899,1
3GYM_5RH0_-_ligand_docked_-_preprocessed,-50.7258965052,0
3GYM_5R81_-_ligand_docked_-_preprocessed,-29.3073314184,0
3GYM_5REB_-_ligand_docked_-_preprocessed,-22.66433713,0
3GYM_5RGW_-_ligand_docked_-_preprocessed,-37.2826064124,0
3GYM__S_-Bepridil_docked_-_preprocessed,-40.871097323,0
3GYM_active_44563631_docked_-_preprocessed,-80.6207494716,1
3GYM_active_23582895_docked_-_preprocessed,-68.4390435005,1
3GYM_active_44563625_docked_-_preprocessed,-57.1624016009,1
3GYM_active_44563619_docked_-_preprocessed,-79.2473097544,1
3GYM_active_44563630_docked_-_preprocessed,-91.009633873,1
3GYM_active_44563641_docked_-_preprocessed,-86.0832610034,1
3GYM_5RGH_-_ligand_docked_-_preprocessed,-40.0779819974,0
3GYM_5R83_-_ligand_docked_-_preprocessed,-39.1886890329,0
3GYM_active_44563620_docked_-_preprocessed,-37.2821179961,1
3GYM_active_44563638_docked_-_preprocessed,-58.8376905411,1
3GYM_5R84_-_ligand_docked_-_preprocessed,-30.7224319161,0
3GYM_5RF1_-_ligand_docked_-_preprocessed,-29.9558432805,0
3GYM_5RF6_-_ligand_docked_-_preprocessed,-30.9546221279,0
3GYM_active_44563632_docked_-_preprocessed,-82.8490151636,1
3GYM_active_44563622_docked_-_preprocessed,-55.4480461648,1
3GYM_active_44563636_docked_-_preprocessed,-100.574635402,1
3GYM_5RH8_-_ligand_docked_-_preprocessed,-38.8047046957,0
3GYM_active_44563633_docked_-_preprocessed,-96.0397189962,1
3GYM_Nelfinavir_1_docked_-_preprocessed,-62.801764872,0
3GYM_active_44563623_docked_-_preprocessed,-62.4366686448,1
3GYM_Ebastine_docked_-_preprocessed,-48.5403720702,0
3GYM_5R7Y_-_ligand_docked_-_preprocessed,-24.2588735464,0
