Compound,Energy,Flag
2HVX_receptor_5RH1_-_ligand,-38.5652811631,0
2HVX_receptor_10146470_active,-79.3327008092,1
2HVX_receptor_46853711_active,-72.2183436249,1
2HVX_receptor_5RF1_-_ligand,-37.5619401597,0
5YJP_receptor_Ebastine,-61.4636360547,0
5YJP_receptor_5RF7_-_ligand,-43.1203017685,0
5YJP_receptor_5R7Z_-_minimized_lig,-35.8733294156,0
2HVX_receptor_11453471_active,-88.6952311423,1
2HVX_receptor_12222541_active,-51.0361166516,1
2HVX_receptor_Pimozide,-57.520521078,0
5YJP_receptor__S_-Bepridil,-42.4140221036,0
2HVX_receptor_46853712_active,-69.2851533525,1
2HVX_receptor_Nelfinavir_2,-58.4866300904,0
2HVX_receptor_5RH8_-_ligand,-49.6544318686,0
2HVX_receptor_46853689_active,-67.0047041707,1
2HVX_receptor_44354936_active,-67.9476909122,1
2HVX_receptor_5RH0_-_ligand,-45.7200551585,0
5YJP_receptor_5REB_-_ligand,-31.912388749,0
2HVX_receptor_53322017_active,-86.6220071304,1
2HVX_receptor_12222540_active,-68.0812163366,1
2HVX_receptor_46853640_active,-65.6175416916,1
2HVX_receptor_46853735_active,-80.9594734727,1
2HVX_receptor_5RH3_-_ligand,-58.2000306084,0
2HVX_receptor_5R83_-_ligand,-44.1412180585,0
5YJP_receptor_5REZ_-_ligand,-33.7920818213,0
2HVX_receptor_10258388_active,-86.4416647369,1
5YJP_receptor_5RGX_-_ligand,-46.8589896406,0
2HVX_receptor_5R81_-_ligand,-42.5182866592,0
5YJP_receptor_5RF6_-_ligand,-37.0963335162,0
2HVX_receptor_10316093_active,-44.3781561089,1
2HVX_receptor_5RG1_-_ligand,-40.890399012,0
5YJP_receptor_5RGH_-_ligand,-37.281772918,0
2HVX_receptor_46853734_active,-71.2212980385,1
2HVX_receptor_46853739_active,-67.5709404373,1
5YJP_receptor_5RGV_-_ligand,-51.6211675872,0
5YJP_receptor_5RGZ_-_ligand,-58.0990729389,0
2HVX_receptor_46853766_active,-61.0796915511,1
5YJP_receptor_5RGW_-_ligand,-47.161754925,0
2HVX_receptor_46853710_active,-62.1365418442,1
2HVX_receptor_90657067_active,-101.114352185,1
5YJP_receptor_90657062_active,-76.9399740774,1
2HVX_receptor_44316486_active,-77.9781297087,1
2HVX_receptor_46853765_active,-64.1032253057,1
5YJP_receptor_5R84_-_ligand,-43.4439829168,0
2HVX_receptor_46853691_active,-78.542280114,1
2HVX_receptor_46853687_active,-80.3575376884,1
2HVX_receptor_5R7Y_-_ligand,-36.2020237354,0
2HVX_receptor_46843039_active,-73.2175140488,1
5YJP_receptor_5RGU_-_ligand,-55.1683042371,0
5YJP_receptor_10316093_active,-48.0208974842,1
5YJP_receptor_5RGY_-_ligand,-66.0970888742,0
2HVX_receptor_5RGI_-_ligand,-32.3546650627,0
5YJP_receptor__R_-Bepridil,-50.2531427389,0
2HVX_receptor_5R80_-_ligand,-43.5319508512,0
2HVX_receptor_46853738_active,-75.309318543,1
2HVX_receptor_6M2N_-_ligand,-22.7338452931,0
2HVX_receptor_46853763_active,-78.0627188074,1
2HVX_receptor_46853764_active,-72.9198816761,1
5YJP_receptor_5RH2_-_ligand,-47.110137091,0
2HVX_receptor_46853663_active,-68.3386687436,1
2HVX_receptor_53326855_active,-73.4563292657,1
5YJP_receptor_Nelfinavir_1,-47.8137577399,0
2HVX_receptor_5RFE_-_ligand,-40.9026861905,0
2HVX_receptor_46853762_active,-73.9562620093,1
2HVX_receptor_46853668_active,-74.0815124194,1
2HVX_receptor_46853713_active,-59.7369148305,1
5YJP_receptor_44354968_active,-60.5406118219,1
5YJP_receptor_46853690_active,-69.3481437817,1
5YJP_receptor_Lopinavir_2,-51.7850824679,0
2HVX_receptor_10038543_active,-43.9403533326,1
