Compound,Energy,Flag
2ETL__R_-Bepridil_docked_-_preprocessed,-58.3317511836,0
3IRT_active_45265913_docked_-_preprocessed,-75.2343570593,1
3IRT_5RGW_-_ligand_docked_-_preprocessed,-51.0574351475,0
3IFW_5RH0_-_ligand_docked_-_preprocessed,-37.2089152773,0
3IRT_active_1948620_docked_-_preprocessed,-45.5582056847,1
2ETL_active_44440974_docked_-_preprocessed,-70.7888808105,1
4JKJ_5R83_-_ligand_docked_-_preprocessed,-48.0821356769,0
2ETL_active_44440971_docked_-_preprocessed,-54.9120968003,1
2ETL_active_122724_docked_-_preprocessed,-27.0399740608,1
2ETL_active_52943029_docked_-_preprocessed,-55.5985508144,1
3IRT_active_23640938_docked_-_preprocessed,-33.6016663238,1
3IRT_active_52940990_docked_-_preprocessed,-37.9497782598,1
4JKJ_active_52942184_docked_-_preprocessed,-65.793930604,1
4JKJ_5RH2_-_ligand_docked_-_preprocessed,-50.7038792355,0
3IRT_active_950368_docked_-_preprocessed,-59.0017172483,1
2ETL_active_16760696_docked_-_preprocessed,-27.3889607102,1
3IRT_active_44440987_docked_-_preprocessed,-45.2639248501,1
4DM9_5R80_-_ligand_docked_-_preprocessed,-37.2683641443,0
4JKJ_active_11222830_docked_-_preprocessed,-63.2162678131,1
2ETL_active_52944213_docked_-_preprocessed,-36.3716768007,1
3IRT_active_44440979_docked_-_preprocessed,-61.9282658737,1
2ETL_active_5319258_docked_-_preprocessed,-67.4551584776,1
3KW5_5RGY_-_ligand_docked_-_preprocessed,-52.418752413,0
3IRT_5RH1_-_ligand_docked_-_preprocessed,-59.4224067539,0
3KW5_active_4055_docked_-_preprocessed,-42.2125475583,1
3IRT_active_44440976_docked_-_preprocessed,-48.4021165757,1
3IRT_active_44440963_docked_-_preprocessed,-39.5707666791,1
3IRT_5RGU_-_ligand_docked_-_preprocessed,-53.7487649617,0
3IRT_active_44440969_docked_-_preprocessed,-66.0609993973,1
3IRT_5RH8_-_ligand_docked_-_preprocessed,-42.7499367424,0
3IRT_active_44440958_docked_-_preprocessed,-64.7174565726,1
4JKJ_active_6857789_docked_-_preprocessed,-33.1748163821,1
3IRT_Ebastine_docked_-_preprocessed,-48.100151037,0
3IRT_active_44440990_docked_-_preprocessed,-52.8083367161,1
3IRT_5R84_-_ligand_docked_-_preprocessed,-41.0677214319,0
4JKJ_5RGH_-_ligand_docked_-_preprocessed,-42.6429664784,0
2ETL_active_44440967_docked_-_preprocessed,-69.7618867411,1
2ETL_5RG1_-_ligand_docked_-_preprocessed,-53.9029542768,0
3KW5_5REB_-_ligand_docked_-_preprocessed,-35.2037878012,0
3IRT_Nelfinavir_2_docked_-_preprocessed,-42.1319133784,0
2ETL_active_44440965_docked_-_preprocessed,-69.7531346182,1
4JKJ_5R7Y_-_ligand_docked_-_preprocessed,-35.0795683293,0
4JKJ_5RH3_-_ligand_docked_-_preprocessed,-47.8197629982,0
3IRT_5RGX_-_ligand_docked_-_preprocessed,-40.2275887108,0
4JKJ_5RF1_-_ligand_docked_-_preprocessed,-35.6816167703,0
3IRT_active_45265923_docked_-_preprocessed,-76.1899046777,1
2ETL_5R81_-_ligand_docked_-_preprocessed,-43.706037846,0
3KVF_5R7Z_-_minimized_lig_docked_-_preprocessed,-39.5771808965,0
3KW5_5REZ_-_ligand_docked_-_preprocessed,-42.4804885864,0
4JKJ_5RFE_-_ligand_docked_-_preprocessed,-37.4491540388,0
3IRT_Pimozide_docked_-_preprocessed,-67.8285917333,0
3IRT_6M2N_-_ligand_docked_-_preprocessed,-23.5662040047,0
3IRT_active_44440985_docked_-_preprocessed,-51.6677386105,1
2ETL_5RF6_-_ligand_docked_-_preprocessed,-37.2836613133,0
3IRT_active_72313_docked_-_preprocessed,-23.1516773473,1
2ETL__S_-Bepridil_docked_-_preprocessed,-50.7395511457,0
2ETL_active_11563133_docked_-_preprocessed,-78.3494990034,1
2ETL_Lopinavir_2_docked_-_preprocessed,-62.9447015813,0
4JKJ_5RGI_-_ligand_docked_-_preprocessed,-46.6703043747,0
3IRT_active_44440983_docked_-_preprocessed,-38.644769499,1
3IRT_5RF7_-_ligand_docked_-_preprocessed,-42.8314722498,0
2ETL_active_756804_docked_-_preprocessed,-75.7240849698,1
3IRT_active_756803_docked_-_preprocessed,-62.0518790663,1
3IRT_5RGZ_-_ligand_docked_-_preprocessed,-47.5241137686,0
4JKJ_Nelfinavir_1_docked_-_preprocessed,-49.5090321602,0
2ETL_active_44440961_docked_-_preprocessed,-68.562608119,1
3IRT_active_44440981_docked_-_preprocessed,-60.1846824067,1
3IRT_active_23628286_docked_-_preprocessed,-54.1278374539,1
3IRT_5RGV_-_ligand_docked_-_preprocessed,-55.4976137529,0
