ZINC_ID, docking_score,Flag
Active_29a,-13.142,1
Active_14,-11.431,1
Active_12,-11.051,1
Active_28b,-10.875,1
Active_8,-10.744,1
Active_26b,-10.545,1
Active_21b,-10.496,1
Active_24b,-10.445,1
Active_15,-10.38,1
Active_23b,-10.237,1
Active_7,-10.116,1
Active_25b,-9.927,1
Active_10,-9.843,1
Active_22a,-9.841,1
Active_6,-9.786,1
Active_19a,-9.757,1
Active_13,-9.651,1
Active_16,-9.612,1
Active_30b,-9.17,1
P18920669,-9.151,0
Active_18,-8.97,1
P19861103,-8.965,0
P18918283,-8.896,0
P52624622,-8.855,0
C09010220_P24960884,-8.615,0
Active_11,-8.591,1
P69763850,-8.549,0
P19857537,-8.04,0
P120586593,-8.037,0
P13466692,-8.023,0
Active_17,-8.006,1
P135572226,-8.002,0
Active_20,-8.001,1
P142062231,-8,0
P109073718,-7.951,0
P54792603,-7.907,0
P150900094,-7.88,0
P19858212,-7.831,0
P19857715,-7.815,0
P40749592,-7.793,0
C44359941_P66977009,-7.753,0
P10133771,-7.699,0
C62228401_P96021091,-7.682,0
P12496551,-7.665,0
P133512643,-7.559,0
P96477010,-7.502,0
P05531773,-7.496,0
P18116317,-7.484,0
P104266275,-7.434,0
P92031931,-7.434,0
C32911481_P48721255,-7.395,0
C68592379_P105263765,-7.355,0
P148350304,-7.319,0
P25479590,-7.284,0
C77312056_P120616609,-7.269,0
C13189751_P19883301,-7.257,0
P155545897,-7.257,0
P70719467,-7.255,0
P156227318,-7.253,0
C77300830_P120597440,-7.235,0
P147556018,-7.204,0
P101775451,-7.185,0
P127728226,-7.172,0
P130244311,-7.169,0
P30471686,-7.167,0
P56754989,-7.166,0
P80033821,-7.11,0
P62126094,-7.048,0
P20522466,-7.047,0
C09010219_P24960881,-6.977,0
P105261680,-6.977,0
P155651180,-6.977,0
P155580781,-6.975,0
P19874972,-6.963,0
P130144289,-6.947,0
P10133814,-6.945,0
C72474869_P112752004,-6.942,0
P156203516,-6.902,0
P156201163,-6.892,0
C16919769_P25479051,-6.888,0
C16926491_P25486232,-6.878,0
P154705054,-6.87,0
P70719438,-6.86,0
P112401911,-6.858,0
C15044757_P70719431,-6.836,0
P148350302,-6.827,0
C13212637_P19919248,-6.789,0
P136099222,-6.784,0
C35397918_P99243706,-6.775,0
P70719460,-6.751,0
P109061531,-6.742,0
P62126133,-6.71,0
P56815494,-6.709,0
P70719425,-6.709,0
P56817628,-6.681,0
P56896530,-6.681,0
C15044881_P70719464,-6.678,0
P123709876,-6.673,0
P49378209,-6.667,0
P57408221,-6.667,0
C15044926_P70720580,-6.662,0
P21406500,-6.661,0
P13605675,-6.652,0
P155658935,-6.636,0
P13487798,-6.621,0
P18902537,-6.611,0
C22918385_P74681124,-6.607,0
C98234249_P156237708,-6.602,0
C15044929_P70719480,-6.592,0
P155564546,-6.592,0
P13112832,-6.59,0
P156227320,-6.584,0
P13085440,-6.578,0
C59677339_P90919024,-6.573,0
C32789745_P133897172,-6.568,0
C59677339_P90919677,-6.567,0
P14405913,-6.542,0
P19938713,-6.541,0
P21406498,-6.536,0
P123709756,-6.526,0
P122302695,-6.516,0
P52926869,-6.506,0
P123700609,-6.503,0
P69764195,-6.484,0
C33615137_P154441790,-6.476,0
C96276401_P151751787,-6.44,0
C16291032_P24652469,-6.437,0
C16291032_P24652466,-6.436,0
C71276018_P110174204,-6.415,0
P62126101,-6.413,0
P78230059,-6.398,0
P125311025,-6.394,0
P05565099,-6.379,0
P60484305,-6.379,0
P123709485,-6.37,0
C31961901_P48095791,-6.351,0
P135208035,-6.344,0
P109060407,-6.312,0
C15163251_P32774750,-6.309,0
C06458614_P10130743,-6.305,0
C38509250_P58275571,-6.304,0
C12507892_P18380659,-6.296,0
C13914260_P21419245,-6.292,0
P126541273,-6.291,0
P05531768,-6.288,0
P109060511,-6.285,0
P33095384,-6.275,0
P156228352,-6.267,0
P89354063,-6.266,0
P153982584,-6.254,0
C37156348_P55258049,-6.232,0
P111975645,-6.222,0
P125502417,-6.216,0
C13366405_P20522729,-6.206,0
P64657892,-6.19,0
P107299081,-6.181,0
P05634166,-6.179,0
P06171167,-6.178,0
P147746808,-6.171,0
P109028512,-6.166,0
P70719448,-6.161,0
P70719466,-6.153,0
C33259904_P49191653,-6.145,0
P150687163,-6.142,0
C33259904_P98961363,-6.141,0
C77311502_P120615721,-6.14,0
P128190427,-6.133,0
P70719440,-6.127,0
C59677336_P90919673,-6.123,0
P109074822,-6.116,0
P109077578,-6.112,0
Active_31,-6.11,1
P19919367,-6.109,0
P151223865,-6.108,0
P156232924,-6.106,0
C69272599_P106552312,-6.102,0
P109090326,-6.095,0
P19872892,-6.094,0
P52653784,-6.089,0
C07339246_P11399076,-6.081,0
P147843171,-6.078,0
P55901483,-6.078,0
C16545926_P24998683,-6.072,0
C83324959_P130313029,-6.052,0
P69763923,-6.045,0
P33705341,-6.038,0
P109081341,-6.022,0
P14286858,-6.019,0
P78230061,-6.017,0
C04955303_P20145241,-6.006,0
P109061660,-6.006,0
P155781849,-6.001,0
Active_34,-5.99,1
P109061997,-5.976,0
P19873851,-5.968,0
P56810374,-5.967,0
P75411773,-5.964,0
P67727778,-5.961,0
C35227734_P152614730,-5.958,0
C72301109_P112367715,-5.951,0
C20906715_P31261910,-5.95,0
C70701109_P109080754,-5.945,0
C15934773_P30563320,-5.945,0
C72378041_P112551604,-5.941,0
P123709956,-5.938,0
P36486943,-5.935,0
C13189835_P19850573,-5.933,0
C57710753_P86764562,-5.933,0
P13619009,-5.932,0
C83324956_P130313015,-5.927,0
P155518094,-5.925,0
P156249226,-5.923,0
C13079376_P19298581,-5.916,0
C41676510_P63175935,-5.915,0
P141810477,-5.905,0
P155552763,-5.901,0
P88246262,-5.901,0
C98005953_P155667495,-5.9,0
P04873730,-5.898,0
C25674200_P37931564,-5.896,0
P63960872,-5.896,0
P52439682,-5.895,0
C97970702_P155585067,-5.894,0
P14706460,-5.894,0
C09007632_P29989291,-5.891,0
P62139987,-5.889,0
P135193783,-5.881,0
P56896497,-5.871,0
C72132266_P111980299,-5.867,0
P155781231,-5.862,0
P57416971,-5.858,0
C42331152_P64027689,-5.844,0
P14960117,-5.84,0
P126230207,-5.839,0
P05452095,-5.836,0
P30284317,-5.834,0
C54753529_P82404175,-5.825,0
C09452819_P30186656,-5.823,0
C10586614_P16008966,-5.82,0
C97198281_P153911186,-5.816,0
P14887003,-5.816,0
P60201913,-5.816,0
C94483113_P148089993,-5.811,0
P155570122,-5.811,0
P20505014,-5.811,0
P24106859,-5.809,0
C39849631_P60472935,-5.807,0
C08845544_P76823857,-5.793,0
P153029959,-5.793,0
C35484283_P52667001,-5.791,0
P120575577,-5.791,0
P140553476,-5.791,0
P58681382,-5.791,0
P128166470,-5.79,0
C33808503_P50103063,-5.787,0
P147711905,-5.783,0
C59735578_P91038466,-5.781,0
P155775647,-5.774,0
P62140154,-5.773,0
C20393255_P30386357,-5.771,0
P53507302,-5.769,0
P154494020,-5.763,0
C34917432_P51831698,-5.76,0
C20161182_P30022143,-5.76,0
P147796429,-5.759,0
C25179950_P37242426,-5.757,0
C39206463_P59402020,-5.756,0
C19460597_P56663275,-5.748,0
P25551531,-5.744,0
P135212174,-5.74,0
C08637198_P150498535,-5.738,0
P134919116,-5.735,0
P14886999,-5.734,0
C40368488_P61283017,-5.73,0
C20801436_P31033035,-5.729,0
C33530383_P49667902,-5.726,0
P131840624,-5.726,0
Active_4a,-5.725,1
C55007700_P152627013,-5.724,0
C33770688_P50039679,-5.722,0
C44781143_P115585163,-5.716,0
P25478676,-5.714,0
P154172258,-5.711,0
C20424158_P30443574,-5.71,0
P73132788,-5.71,0
P141757631,-5.704,0
P32811578,-5.701,0
C33769082_P50037786,-5.7,0
P19873847,-5.699,0
P35837794,-5.699,0
C33375899_P49419850,-5.698,0
C27749215_P74976178,-5.698,0
P90106070,-5.692,0
C70664612_P109011946,-5.69,0
P123051278,-5.678,0
C64219197_P98547147,-5.672,0
C19879899_P29552853,-5.671,0
C20831086_P31104388,-5.67,0
C39849564_P60469249,-5.67,0
C09243149_P14163107,-5.669,0
C02952076_P56817491,-5.662,0
P13592696,-5.661,0
P114135404,-5.659,0
P13682372,-5.657,0
P155909355,-5.656,0
P57534206,-5.655,0
C98090810_P155912892,-5.654,0
P152070448,-5.652,0
C73836723_P115007729,-5.649,0
P13499972,-5.647,0
C19357398_P28619995,-5.643,0
P154399278,-5.641,0
P59583130,-5.64,0
P79826506,-5.64,0
C31375350_P46228353,-5.638,0
P112425169,-5.637,0
P109075308,-5.636,0
C38509242_P58275554,-5.635,0
P134342845,-5.632,0
P60218069,-5.629,0
C33553204_P49705802,-5.628,0
C20921778_P31268506,-5.623,0
C20836196_P31108842,-5.622,0
C39911528_P61500862,-5.619,0
C36443499_P54178788,-5.616,0
C20230255_P30134123,-5.607,0
P22861095,-5.607,0
C55007700_P112442290,-5.606,0
C35484591_P52653748,-5.604,0
Active_2b,-5.604,1
C16043784_P24258724,-5.597,0
C38139457_P57376423,-5.595,0
C35567796_P52786968,-5.595,0
C43477020_P65753615,-5.594,0
C67665231_P103888337,-5.594,0
P153247985,-5.593,0
C72320427_P112402161,-5.592,0
C26500814_P45232849,-5.592,0
P109061407,-5.589,0
P99441033,-5.588,0
P56365510,-5.587,0
P109079795,-5.586,0
P30466534,-5.577,0
P97495870,-5.575,0
P30318235,-5.57,0
P53507257,-5.57,0
C97961624_P155560730,-5.568,0
C08838116_P30212437,-5.565,0
C35484188_P52652935,-5.563,0
C16733689_P51502747,-5.56,0
C09462877_P37084787,-5.559,0
C20833458_P31106352,-5.558,0
C39914015_P61497041,-5.554,0
C64843941_P99634459,-5.553,0
C65430425_P100604716,-5.551,0
P99441008,-5.551,0
C09630711_P14757831,-5.549,0
P56851082,-5.538,0
C33491199_P49605330,-5.533,0
C04337688_P126157943,-5.531,0
C39849634_P60472938,-5.529,0
P63592354,-5.528,0
P75438069,-5.526,0
C54624719_P82201616,-5.525,0
P94739615,-5.525,0
P12893431,-5.524,0
P62216744,-5.52,0
P155513534,-5.519,0
C45967758_P69222959,-5.512,0
C09409216_P76817550,-5.51,0
C32535777_P48057438,-5.506,0
C39055829_P59178699,-5.505,0
C06088992_P09261987,-5.505,0
C16734810_P35807889,-5.503,0
C36500847_P54267694,-5.503,0
P49380346,-5.503,0
C20310292_P30265095,-5.501,0
P53620902,-5.496,0
P18767988,-5.495,0
C20744074_P30958669,-5.492,0
P31105491,-5.492,0
C18168765_P112248993,-5.489,0
P155583767,-5.489,0
P05492893,-5.484,0
P123709631,-5.473,0
C83434018_P130500964,-5.468,0
P52114820,-5.468,0
P111670568,-5.465,0
P62102405,-5.463,0
P104262000,-5.462,0
P112599903,-5.457,0
P155572006,-5.457,0
P89685311,-5.455,0
Active_27,-5.451,1
C66199679_P101819568,-5.45,0
P156246396,-5.449,0
P52439685,-5.448,0
C10579069_P20285314,-5.445,0
C79844040_P124759025,-5.443,0
P76058749,-5.442,0
C35484282_P52653130,-5.441,0
P05452536,-5.441,0
P109032168,-5.438,0
C33814229_P50106424,-5.437,0
P130284991,-5.437,0
C33533568_P49674141,-5.436,0
P139985132,-5.435,0
P148387499,-5.434,0
C77257685_P120527391,-5.431,0
P148736716,-5.431,0
C20256337_P30172225,-5.43,0
C11795904_P17458883,-5.429,0
C33492777_P49607861,-5.428,0
C19740549_P110313698,-5.428,0
P69763945,-5.427,0
P19880623,-5.426,0
C59018657_P89412108,-5.424,0
P62582919,-5.421,0
C34912502_P51825314,-5.42,0
P88463602,-5.419,0
C19925828_P29644526,-5.418,0
C34941773_P51868533,-5.417,0
P151938600,-5.417,0
C01022111_P156445977,-5.413,0
P116963166,-5.409,0
C09409043_P76817239,-5.407,0
C42768972_P64657925,-5.403,0
C34944120_P51871160,-5.399,0
P52164085,-5.399,0
P112401942,-5.398,0
Active_5a,-5.397,1
C08444172_P130129121,-5.396,0
C58993649_P89345135,-5.395,0
P30543454,-5.395,0
C16734870_P35807953,-5.391,0
P155761140,-5.391,0
P19070774,-5.388,0
C06706588_P10590739,-5.386,0
C18265559_P153328824,-5.385,0
Active_32,-5.382,1
C91997327_P144023036,-5.381,0
C35567855_P52787008,-5.377,0
C20831278_P31104420,-5.376,0
C12532559_P20727228,-5.373,0
P99634754,-5.371,0
C35567782_P52786954,-5.367,0
C97990832_P155628851,-5.367,0
P76881463,-5.367,0
Active_35,-5.367,1
C02369765_P54351469,-5.366,0
P14706461,-5.366,0
P19912623,-5.365,0
P52524701,-5.365,0
C53712574_P80776467,-5.364,0
P39399890,-5.363,0
P57414613,-5.363,0
P51838260,-5.362,0
P16288134,-5.361,0
C05921732_P90764145,-5.36,0
P136272796,-5.359,0
C12532562_P20727230,-5.357,0
C20233278_P30145060,-5.357,0
C12531625_P52681144,-5.349,0
C34921354_P51835840,-5.344,0
C42674983_P140410504,-5.344,0
P155542502,-5.342,0
C20578753_P30714710,-5.341,0
C91656453_P143481793,-5.341,0
P133976863,-5.339,0
P12506604,-5.337,0
P140925527,-5.335,0
P89567443,-5.325,0
P110266826,-5.32,0
P151201817,-5.32,0
C33546508_P49696108,-5.318,0
P30405852,-5.317,0
P54277286,-5.314,0
C65247308_P152115145,-5.311,0
C43488970_P65785361,-5.307,0
P109062869,-5.306,0
P53731137,-5.306,0
P91068819,-5.305,0
P95487133,-5.304,0
P109074815,-5.299,0
C97212568_P153927400,-5.296,0
C03991858_P155564312,-5.291,0
P112044149,-5.29,0
C41248389_P96448061,-5.289,0
C10586621_P16008975,-5.285,0
P144902873,-5.284,0
P49380364,-5.283,0
P144880489,-5.28,0
P143402597,-5.278,0
C24001827_P35608993,-5.276,0
C97990191_P155627198,-5.27,0
C10579756_P20285708,-5.268,0
C38509263_P58275597,-5.26,0
C33600861_P49780108,-5.26,0
C09229841_P30640212,-5.259,0
C09375212_P37085187,-5.257,0
C70426579_P108596746,-5.256,0
C08715858_P13373574,-5.256,0
P145785515,-5.256,0
P91984192,-5.256,0
C39912729_P61503962,-5.252,0
C35465654_P52624453,-5.25,0
P17700081,-5.25,0
P23671895,-5.25,0
C40947441_P62160258,-5.249,0
P148285178,-5.248,0
C91907616_P143883510,-5.246,0
C08384170_P57710763,-5.245,0
P149971060,-5.244,0
C40498930_P61487782,-5.243,0
C39911588_P60558459,-5.242,0
P140266721,-5.24,0
C62007424_P95124233,-5.237,0
C94263378_P147732057,-5.237,0
P07582994,-5.236,0
P104261989,-5.234,0
C14356500_P21993625,-5.229,0
C34677683_P51456203,-5.227,0
P140497848,-5.227,0
C94263501_P147738046,-5.224,0
C55007700_P152627012,-5.223,0
P126655936,-5.219,0
P19864064,-5.219,0
C08386796_P12679632,-5.217,0
C88546275_P138496985,-5.216,0
C33490323_P49609419,-5.214,0
C33808588_P50102550,-5.213,0
P34206057,-5.212,0
C33437749_P49522529,-5.211,0
P156222045,-5.211,0
C38705934_P61582512,-5.21,0
C20219705_P105673489,-5.209,0
P22754460,-5.206,0
P31204112,-5.206,0
P52948466,-5.206,0
C33532937_P49672657,-5.204,0
P156205211,-5.204,0
P60482825,-5.201,0
C97862786_P155324681,-5.199,0
P155545522,-5.198,0
P112555774,-5.197,0
C20838096_P31110192,-5.193,0
P20113903,-5.193,0
P23048146,-5.193,0
P48600599,-5.193,0
C33813332_P50104959,-5.192,0
C67673464_P103898172,-5.192,0
P63591453,-5.191,0
C35420272_P52557820,-5.189,0
C08442747_P12793886,-5.188,0
C85221851_P133332383,-5.187,0
P33095379,-5.187,0
C03946889_P07179156,-5.186,0
C36514880_P54289088,-5.184,0
P128045492,-5.181,0
P18899744,-5.18,0
C09126055_P14001984,-5.179,0
P53565829,-5.179,0
C19615900_P29107348,-5.177,0
P107531397,-5.177,0
C72439135_P112707328,-5.176,0
C27749163_P74976171,-5.176,0
C16450477_P24858102,-5.173,0
C94444106_P148024894,-5.172,0
C95516865_P150119059,-5.17,0
C20831893_P31104689,-5.169,0
P104262003,-5.169,0
C19525945_P28913033,-5.164,0
P53555943,-5.163,0
C65194578_P156434671,-5.162,0
C17886468_P155875613,-5.162,0
C95932550_P151054202,-5.159,0
C48633497_P72707949,-5.157,0
P54707281,-5.152,0
C65371852_P100496662,-5.151,0
C87846923_P137406112,-5.151,0
C87948629_P137562427,-5.151,0
P136630434,-5.151,0
P34525380,-5.149,0
C04768954_P156209138,-5.148,0
P149775508,-5.147,0
C33776384_P50048352,-5.144,0
P24253900,-5.144,0
C08384134_P52526527,-5.143,0
C33515736_P49644144,-5.143,0
P137834253,-5.14,0
C37071629_P55108587,-5.135,0
C94606652_P148293868,-5.134,0
C22204212_P33019987,-5.134,0
P100582106,-5.134,0
P56319995,-5.134,0
P09348503,-5.133,0
P155964513,-5.133,0
C97953023_P155534389,-5.132,0
C72144279_P112013977,-5.132,0
P99243644,-5.132,0
C21079780_P31482738,-5.131,0
P28700837,-5.131,0
P04506943,-5.127,0
P79954583,-5.126,0
P135896545,-5.124,0
C33554735_P49708604,-5.123,0
C20363331_P30339287,-5.123,0
P13417941,-5.123,0
C27666200_P40796300,-5.12,0
C19959959_P99768619,-5.118,0
C40321704_P61212542,-5.116,0
C17072160_P25675264,-5.116,0
C05223474_P151226720,-5.115,0
C39912652_P60559867,-5.115,0
P127388267,-5.113,0
P94739602,-5.112,0
C37867306_P56552066,-5.111,0
P48648325,-5.11,0
P120627702,-5.109,0
P151042290,-5.108,0
C97948716_P155517889,-5.103,0
P131706077,-5.102,0
C36384123_P56588072,-5.101,0
P111899962,-5.101,0
P52199267,-5.101,0
P97179253,-5.1,0
C67673501_P103898248,-5.098,0
C35281743_P52344924,-5.098,0
P156214349,-5.096,0
P66145526,-5.095,0
C14729863_P100268556,-5.092,0
C82091947_P128097795,-5.091,0
C35296667_P52371651,-5.091,0
P146653160,-5.091,0
C21037360_P31417648,-5.09,0
P62255820,-5.09,0
P149782699,-5.089,0
C32796504_P48568559,-5.088,0
P07053626,-5.088,0
P108745123,-5.088,0
P55535177,-5.087,0
C13145933_P49622210,-5.086,0
C20424788_P30444932,-5.083,0
C31874899_P47014772,-5.083,0
P136272354,-5.082,0
P153030085,-5.082,0
P110453118,-5.081,0
P155618881,-5.08,0
P71187772,-5.079,0
C35567800_P52786971,-5.078,0
P139945959,-5.078,0
C57721791_P86783918,-5.077,0
C33508422_P49634372,-5.074,0
C98005173_P155665206,-5.073,0
C21040304_P31419500,-5.072,0
P112429911,-5.069,0
C06577958_P56712410,-5.068,0
P156228776,-5.067,0
P54277409,-5.065,0
C70669926_P109028895,-5.062,0
C33496275_P152785524,-5.056,0
C97111044_P153738715,-5.056,0
P61431971,-5.056,0
P151583849,-5.055,0
P56362926,-5.055,0
C72099226_P151231389,-5.054,0
C21084057_P31488323,-5.054,0
P83580694,-5.052,0
C20830946_P31104360,-5.051,0
C96480569_P152366050,-5.051,0
P155784219,-5.049,0
P48216743,-5.049,0
C73836752_P115007574,-5.048,0
P54298510,-5.048,0
C38609927_P61533288,-5.047,0
P89519351,-5.044,0
C59104757_P89627646,-5.042,0
P89187246,-5.042,0
C55332909_P83347405,-5.04,0
P60478209,-5.039,0
C33761840_P50029577,-5.038,0
P37947486,-5.037,0
C60165981_P91842007,-5.036,0
C95976441_P151150159,-5.036,0
C33378918_P49428337,-5.036,0
P73241936,-5.035,0
C09147629_P14031439,-5.034,0
P109060515,-5.032,0
P61605110,-5.032,0
C75995933_P118485060,-5.026,0
P19874535,-5.026,0
C36346180_P54025683,-5.023,0
P18233008,-5.021,0
C35567798_P52786969,-5.019,0
P123697708,-5.019,0
C12529079_P18416922,-5.018,0
P06688294,-5.018,0
P79175438,-5.018,0
C29749237_P155778195,-5.015,0
C20919655_P31234127,-5.015,0
Active_1b,-5.014,1
P96092655,-5.013,0
C96181018_P151536616,-5.012,0
C21075413_P31459149,-5.012,0
P05538581,-5.009,0
C33555986_P49709998,-5.005,0
C33648493_P90095492,-5.004,0
P134680440,-5.004,0
C69593445_P107108720,-5.003,0
C16733124_P35773933,-5.002,0
P135215504,-5.002,0
C97969447_P155582203,-5,0
P36754137,-5,0
P79826361,-4.999,0
P112044320,-4.998,0
P54400358,-4.997,0
C21084018_P31488251,-4.993,0
C13783218_P57424121,-4.989,0
P49727108,-4.989,0
C95081507_P149077817,-4.988,0
P137909970,-4.988,0
C06250885_P09760207,-4.987,0
P51655649,-4.987,0
P20113972,-4.985,0
P49817833,-4.984,0
P99918284,-4.984,0
C19403187_P28692196,-4.983,0
P117054141,-4.98,0
P132942735,-4.98,0
C22976353_P34118463,-4.978,0
P14056398,-4.977,0
C32535787_P48057469,-4.976,0
C20831863_P31104664,-4.972,0
P07276326,-4.972,0
P05262776,-4.97,0
C90168418_P140940900,-4.967,0
C04232149_P156202618,-4.967,0
P30890907,-4.967,0
P155777368,-4.966,0
P65764872,-4.966,0
C09046278_P108643784,-4.965,0
P137977002,-4.965,0
C20837984_P31110085,-4.963,0
P22409026,-4.963,0
P13464491,-4.962,0
C05490369_P83008935,-4.961,0
C25185907_P37233405,-4.958,0
C97951230_P155524578,-4.957,0
C00627063_P37815442,-4.955,0
P124724142,-4.955,0
P135296123,-4.954,0
P75411715,-4.954,0
C22629404_P33605047,-4.952,0
P140832352,-4.95,0
C94739083_P148490090,-4.948,0
C79662795_P124485075,-4.947,0
P09049469,-4.945,0
C55589247_P83732852,-4.944,0
C36619677_P54423621,-4.943,0
C39963746_P60647556,-4.941,0
C21084014_P31488242,-4.941,0
P07691912,-4.941,0
P56534414,-4.94,0
C59603388_P90777191,-4.939,0
P89620396,-4.939,0
C69875505_P107670180,-4.937,0
C14645347_P22461793,-4.936,0
C09462879_P37084779,-4.935,0
C39791815_P96966970,-4.935,0
C35566776_P52783889,-4.934,0
P140498243,-4.934,0
P145340900,-4.932,0
P155545388,-4.931,0
P12969139,-4.93,0
C13125105_P113930709,-4.927,0
P16921859,-4.926,0
P99906134,-4.925,0
P154216834,-4.924,0
C04170221_P05355172,-4.922,0
P56377417,-4.922,0
P112515146,-4.919,0
P22125929,-4.918,0
P21912791,-4.917,0
C20578747_P30714704,-4.915,0
C20229267_P30132595,-4.915,0
P151065857,-4.915,0
C38800701_P58764295,-4.914,0
P156240969,-4.914,0
C20916258_P31254148,-4.913,0
C20833307_P31106208,-4.912,0
P149882933,-4.91,0
P35675022,-4.909,0
P155566628,-4.908,0
P19407770,-4.907,0
C42306068_P63991050,-4.905,0
C08870432_P13622343,-4.904,0
C35566710_P52783814,-4.901,0
C12539214_P20727365,-4.9,0
P139532577,-4.9,0
C20578736_P30714690,-4.899,0
C21037213_P31417539,-4.899,0
Active_3a,-4.899,1
C97596211_P154686808,-4.897,0
C17325911_P28000686,-4.897,0
P54358715,-4.897,0
C21079215_P31474916,-4.896,0
C06266901_P91216883,-4.896,0
P19874593,-4.894,0
P30969910,-4.894,0
C23294071_P34575183,-4.893,0
P109074995,-4.892,0
P152266642,-4.892,0
P56322418,-4.891,0
C38107451_P57296275,-4.888,0
C21081939_P31486113,-4.887,0
C15721284_P156181331,-4.887,0
C33524993_P49659153,-4.886,0
P73371982,-4.886,0
C76945709_P120041626,-4.885,0
C22016859_P32768327,-4.884,0
P154593988,-4.884,0
C35567351_P52784520,-4.883,0
P54893351,-4.882,0
C97604153_P154704219,-4.881,0
P155571971,-4.88,0
C57721859_P86784020,-4.877,0
C08637199_P150498542,-4.876,0
C20676052_P30871202,-4.874,0
P114212872,-4.872,0
C96067329_P151300913,-4.871,0
C00944056_P155614794,-4.87,0
C16805730_P36057402,-4.869,0
C39969009_P97214831,-4.867,0
P148754029,-4.867,0
P133120631,-4.863,0
C33515762_P49645073,-4.862,0
C32535786_P48057466,-4.861,0
P94194466,-4.859,0
C92085319_P144200258,-4.858,0
C71946078_P111649106,-4.858,0
C33771580_P50045032,-4.858,0
C72439133_P112707327,-4.857,0
C59706425_P90984560,-4.857,0
P49380840,-4.856,0
P155565028,-4.855,0
P112543605,-4.854,0
P139985131,-4.854,0
C37258742_P59320415,-4.851,0
P131232893,-4.851,0
P37163322,-4.849,0
C01051951_P56435970,-4.848,0
P102372854,-4.845,0
P54787632,-4.844,0
C69951723_P107809838,-4.843,0
P60620953,-4.843,0
Active_9b,-4.843,1
P148292589,-4.841,0
C59515850_P90603613,-4.838,0
C16805734_P36057414,-4.838,0
C62748526_P96286265,-4.835,0
C13684274_P124056546,-4.835,0
P30337741,-4.834,0
C59461184_P90484282,-4.833,0
P155677238,-4.832,0
P135284123,-4.831,0
C89314824_P139666509,-4.828,0
P148493386,-4.827,0
C97269213_P154037976,-4.826,0
C22918390_P64792632,-4.825,0
P30579198,-4.82,0
P62015741,-4.82,0
C35567326_P52784495,-4.819,0
C45274498_P68217157,-4.818,0
P101135292,-4.818,0
C87836297_P137389812,-4.815,0
C40951518_P62195975,-4.813,0
C19923866_P29634027,-4.813,0
C70672037_P109034875,-4.812,0
P125208387,-4.812,0
P31497288,-4.812,0
C97966975_P155573900,-4.811,0
C67641529_P103854261,-4.81,0
C38610554_P61534408,-4.809,0
P52895886,-4.808,0
P58442727,-4.807,0
P58783695,-4.807,0
C46908080_P70407374,-4.806,0
C89423569_P139802627,-4.805,0
P82382726,-4.804,0
C35567789_P52786961,-4.8,0
P96543299,-4.799,0
C98047968_P155779212,-4.796,0
P155557268,-4.796,0
C33813405_P50105032,-4.793,0
P142878653,-4.793,0
P28545000,-4.793,0
C36304003_P152393792,-4.792,0
C40180207_P60980048,-4.791,0
P05932184,-4.791,0
P140821272,-4.789,0
C33367771_P49402180,-4.787,0
C20911755_P31225610,-4.786,0
C20029003_P29800964,-4.785,0
P06968079,-4.784,0
P67862647,-4.784,0
P74037113,-4.784,0
P58314741,-4.783,0
P66855599,-4.783,0
C97967146_P155574431,-4.781,0
C20267414_P30187156,-4.779,0
P59596836,-4.779,0
P120577512,-4.773,0
C90529343_P141561221,-4.771,0
C73836720_P115007724,-4.77,0
P136627583,-4.77,0
C97961400_P155561623,-4.769,0
P155240977,-4.769,0
C20193272_P108669539,-4.768,0
C08444172_P59611004,-4.767,0
C41146758_P62456160,-4.767,0
C58996996_P89357354,-4.767,0
P137576709,-4.767,0
P144876908,-4.767,0
P151424143,-4.764,0
C98228755_P156225648,-4.763,0
C36659421_P58708661,-4.763,0
P135213046,-4.763,0
P155290316,-4.763,0
P56579216,-4.762,0
P26318663,-4.761,0
P18097099,-4.76,0
C63772121_P97922771,-4.759,0
C36146791_P53727990,-4.758,0
P108662689,-4.758,0
P144433289,-4.758,0
C20912183_P31267166,-4.757,0
P49401128,-4.757,0
P107071145,-4.756,0
P136307575,-4.756,0
C96488941_P152426021,-4.755,0
P130216215,-4.753,0
P155618959,-4.75,0
C20832689_P31105474,-4.748,0
C38704827_P61581428,-4.744,0
P124177010,-4.743,0
P30894957,-4.743,0
P60483167,-4.743,0
C19210565_P155872564,-4.742,0
C69973525_P107843839,-4.741,0
P133047226,-4.741,0
P49466223,-4.741,0
P98036058,-4.74,0
C18263125_P27296840,-4.738,0
P53712062,-4.738,0
C39358190_P59636651,-4.737,0
P121849851,-4.73,0
C12772999_P18838447,-4.729,0
P52656383,-4.729,0
P58703471,-4.729,0
C40522054_P61534516,-4.728,0
P120837603,-4.728,0
C64818911_P151915114,-4.724,0
C97985347_P155614631,-4.724,0
C19881403_P29552329,-4.723,0
P155015623,-4.723,0
P48306299,-4.723,0
C96346659_P152015785,-4.722,0
P36305073,-4.721,0
C94544050_P148200188,-4.72,0
C73836773_P115007870,-4.719,0
P155654865,-4.717,0
P154256149,-4.715,0
P54266543,-4.715,0
P59696948,-4.714,0
P92017621,-4.714,0
P29472326,-4.713,0
P21819070,-4.712,0
C39911567_P61501024,-4.71,0
P143480430,-4.71,0
C33392523_P49453386,-4.709,0
P49884841,-4.708,0
C98351673_P156426350,-4.707,0
P10100609,-4.706,0
P04513298,-4.704,0
C73836723_P115007732,-4.703,0
P134931664,-4.703,0
P140546988,-4.703,0
P155545395,-4.701,0
P19856816,-4.701,0
P46172298,-4.7,0
C13841693_P21319909,-4.699,0
P156201812,-4.699,0
P56444809,-4.699,0
C40551407_P61582659,-4.696,0
C35465647_P52624441,-4.695,0
C21078163_P31480402,-4.694,0
P54391763,-4.694,0
P60217984,-4.693,0
C86102932_P134818828,-4.692,0
P13517198,-4.692,0
C97970463_P155585032,-4.69,0
C24957395_P36945718,-4.69,0
P13535674,-4.69,0
P10279995,-4.689,0
C02369767_P54351468,-4.686,0
P136826204,-4.686,0
P144532291,-4.685,0
C09458424_P30229070,-4.684,0
C87993128_P137628603,-4.682,0
C32535724_P48057317,-4.682,0
P60193973,-4.682,0
C16357535_P86179621,-4.681,0
P147555826,-4.68,0
P49450251,-4.68,0
C86263502_P135083731,-4.679,0
C92012845_P144060689,-4.678,0
P04661886,-4.678,0
C36715766_P58822593,-4.677,0
P13370071,-4.677,0
P109091359,-4.676,0
C33275578_P49208259,-4.675,0
C20905845_P31259979,-4.673,0
C20432761_P30449580,-4.673,0
P136346351,-4.673,0
C02805049_P09632153,-4.672,0
C58997097_P89357513,-4.671,0
C39898267_P112137197,-4.671,0
C09409200_P76817716,-4.669,0
C88037408_P137700438,-4.669,0
P89769524,-4.669,0
C20424547_P30444636,-4.668,0
C37258749_P59320418,-4.667,0
C77270821_P120547326,-4.667,0
P156221966,-4.667,0
C66200694_P101819400,-4.666,0
P155657765,-4.664,0
P56181225,-4.662,0
P65831763,-4.66,0
C35484664_P52653878,-4.659,0
C98218587_P156205537,-4.657,0
P11013171,-4.655,0
P72451875,-4.652,0
P99850967,-4.652,0
P155503121,-4.651,0
C33771579_P50045031,-4.65,0
C57820242_P86973539,-4.649,0
C04390974_P152633594,-4.648,0
P152749196,-4.648,0
C20839606_P31103350,-4.647,0
P55486965,-4.645,0
C08864660_P13713839,-4.642,0
P15521225,-4.639,0
C70878702_P109416147,-4.637,0
P147636830,-4.637,0
P140449812,-4.636,0
P51773887,-4.635,0
P75304404,-4.635,0
P122388354,-4.634,0
P54398234,-4.633,0
P155777684,-4.632,0
C30168313_P44339901,-4.63,0
C98228764_P156225651,-4.63,0
C15899156_P24014716,-4.628,0
P89502375,-4.628,0
C98218536_P156206256,-4.626,0
P06352222,-4.626,0
P52651499,-4.626,0
C02171774_P09224912,-4.625,0
P66858347,-4.625,0
P108062176,-4.624,0
P24865512,-4.621,0
P148564408,-4.62,0
P152317041,-4.62,0
C33515771_P49645082,-4.619,0
P137825315,-4.619,0
P80074218,-4.617,0
C08818409_P29859686,-4.616,0
P138298313,-4.613,0
C21011706_P31381995,-4.612,0
C33759167_P50022481,-4.612,0
P134193464,-4.612,0
P83791369,-4.61,0
C40184384_P60984295,-4.609,0
P144329250,-4.609,0
P147980920,-4.609,0
P37931953,-4.609,0
C36304001_P152393785,-4.607,0
C19524076_P28902172,-4.605,0
C36830566_P54733768,-4.604,0
P135630297,-4.604,0
C19593952_P156193172,-4.603,0
P31231994,-4.603,0
P52948416,-4.603,0
C10265589_P15608675,-4.602,0
C38705918_P61582496,-4.602,0
P33920951,-4.602,0
C98047211_P155779223,-4.601,0
C20233274_P30145055,-4.6,0
C35765338_P53081693,-4.6,0
C62669218_P96139693,-4.6,0
P155251335,-4.6,0
P30754906,-4.6,0
P53846042,-4.6,0
P56809558,-4.599,0
P90041640,-4.599,0
C72993675_P113598804,-4.598,0
P148762548,-4.598,0
C36514636_P54288627,-4.597,0
C40207493_P61032960,-4.596,0
P13230379,-4.596,0
P100630671,-4.595,0
P133108730,-4.595,0
C96379571_P152080500,-4.594,0
P155876930,-4.594,0
C71927836_P111605344,-4.589,0
C20909798_P31266005,-4.589,0
P12565079,-4.589,0
P19857003,-4.589,0
P54867865,-4.589,0
C35484732_P52663217,-4.588,0
C08837177_P30132082,-4.587,0
C81674049_P127431376,-4.586,0
P107077085,-4.586,0
C24294252_P36011606,-4.584,0
C23231792_P34486362,-4.583,0
C35484734_P52663225,-4.583,0
C33376017_P49419936,-4.581,0
C33766318_P50033414,-4.581,0
C39443175_P59782884,-4.58,0
P112087543,-4.579,0
C24081335_P35709504,-4.577,0
C33759909_P50025621,-4.576,0
P109028780,-4.575,0
P66817228,-4.573,0
C00706977_P154196936,-4.572,0
P156206714,-4.569,0
C12883233_P18924349,-4.567,0
C67640921_P103853864,-4.567,0
P107531970,-4.567,0
P94764154,-4.567,0
C78758852_P122938135,-4.566,0
C21084001_P31488220,-4.566,0
P153106770,-4.566,0
C20263363_P30181018,-4.565,0
C20910819_P31253722,-4.565,0
P22322219,-4.564,0
C96319319_P151906931,-4.563,0
C94883962_P148726871,-4.563,0
C21077152_P31479031,-4.561,0
P53501027,-4.561,0
P138096296,-4.56,0
C21075965_P31477296,-4.559,0
P23789484,-4.559,0
P121655359,-4.555,0
C71916559_P111584531,-4.552,0
P17530395,-4.551,0
P31642502,-4.551,0
C36346397_P152411452,-4.549,0
P151832071,-4.545,0
C20219696_P30117454,-4.544,0
P18926842,-4.544,0
C33759166_P50022480,-4.543,0
C58341960_P98705588,-4.542,0
P112619006,-4.542,0
C33767658_P50035276,-4.541,0
C05321331_P52495927,-4.541,0
C22835972_P90647284,-4.54,0
P52694414,-4.54,0
C33813316_P50104943,-4.539,0
P53057388,-4.539,0
C21083813_P31488069,-4.537,0
C13127574_P105643798,-4.536,0
C21084209_P31472128,-4.534,0
P138696954,-4.534,0
P104216964,-4.533,0
P105267010,-4.533,0
C49167895_P73431619,-4.531,0
P149899959,-4.531,0
P30042843,-4.531,0
P53860840,-4.531,0
C38509289_P58275648,-4.529,0
P49328318,-4.529,0
C33139348_P49032522,-4.527,0
C69593428_P107108709,-4.526,0
C98218533_P156205476,-4.526,0
P152157122,-4.526,0
P64797650,-4.526,0
C24566069_P87676694,-4.525,0
C24081078_P35710977,-4.524,0
P155603582,-4.524,0
P148266516,-4.52,0
P17744591,-4.52,0
P75382682,-4.52,0
C20280656_P30212405,-4.519,0
P54710411,-4.517,0
C94661195_P148378753,-4.516,0
C20600302_P30732311,-4.516,0
C38706071_P61582655,-4.513,0
C24145519_P35802246,-4.512,0
C20909929_P31266276,-4.512,0
C98347997_P156420929,-4.511,0
P137563515,-4.511,0
P52343049,-4.511,0
P151808265,-4.509,0
C98042937_P155767245,-4.507,0
P100377296,-4.506,0
P109032165,-4.506,0
P133544368,-4.506,0
P17927636,-4.503,0
C21899987_P32603604,-4.5,0
C79361285_P123947827,-4.5,0
P99634078,-4.5,0
P22073494,-4.499,0
P89973894,-4.499,0
C32535725_P48057319,-4.498,0
P13544134,-4.498,0
P139532695,-4.498,0
C84104732_P131591336,-4.497,0
C38509246_P58275563,-4.497,0
P73217606,-4.497,0
C95049497_P149008421,-4.493,0
P87966023,-4.493,0
C33480207_P49591074,-4.492,0
C35484158_P52666479,-4.492,0
C33429688_P49510018,-4.492,0
P155877053,-4.492,0
C33366587_P49400607,-4.491,0
C20262775_P30180314,-4.49,0
P83018026,-4.49,0
P56624043,-4.489,0
C20578721_P30714674,-4.488,0
C66200342_P101819048,-4.488,0
C19760507_P133654670,-4.486,0
P51848474,-4.486,0
P54277410,-4.486,0
C94263500_P147732179,-4.485,0
P20886201,-4.485,0
P23647836,-4.485,0
C03617958_P09845437,-4.484,0
C40192559_P60998901,-4.483,0
C20833922_P31106739,-4.482,0
P123206998,-4.482,0
C66199809_P101819600,-4.48,0
P20646358,-4.477,0
C66198655_P101817310,-4.476,0
P87388816,-4.476,0
C64742715_P99467749,-4.475,0
C53746110_P120491151,-4.474,0
C98043578_P155768238,-4.474,0
P07320649,-4.474,0
C97995813_P155646164,-4.473,0
C39911711_P60558630,-4.473,0
P106583497,-4.473,0
C76045430_P118612070,-4.471,0
P108652505,-4.471,0
P137930446,-4.471,0
C32535719_P48057308,-4.468,0
P99018585,-4.468,0
C91859348_P143811920,-4.466,0
P07961660,-4.464,0
C36313416_P151643298,-4.463,0
C35275100_P52337606,-4.463,0
P51699666,-4.463,0
P94694913,-4.463,0
C98228949_P156225885,-4.462,0
C27666319_P40796202,-4.46,0
C96089089_P151354566,-4.458,0
P54372669,-4.457,0
P90732260,-4.457,0
C05445538_P29358526,-4.453,0
C20905228_P31258630,-4.452,0
C02531814_P38089858,-4.452,0
C33528248_P49669308,-4.452,0
P25578069,-4.452,0
P64797644,-4.452,0
C38574144_P97345391,-4.451,0
C97548619_P154578119,-4.45,0
C20280653_P30212400,-4.45,0
P10282651,-4.45,0
P56280763,-4.45,0
C28227578_P41590418,-4.449,0
P144877310,-4.447,0
P49269951,-4.445,0
P150522235,-4.443,0
C85098025_P133173254,-4.442,0
P108435096,-4.44,0
P147454755,-4.44,0
P65839622,-4.44,0
P128010639,-4.438,0
P16655392,-4.437,0
P30063305,-4.435,0
C21128169_P31535396,-4.434,0
P155784226,-4.434,0
P54866821,-4.434,0
P45221216,-4.433,0
C20308938_P30259023,-4.431,0
P30116265,-4.43,0
P42396363,-4.43,0
C36500845_P54267687,-4.428,0
C50677868_P75796922,-4.426,0
P126237065,-4.426,0
C20832889_P31105719,-4.425,0
P136317330,-4.425,0
C20837948_P31110065,-4.423,0
C65246414_P152118043,-4.423,0
P49727099,-4.42,0
C53319344_P155527341,-4.418,0
C02986756_P09513118,-4.414,0
C98017937_P155687253,-4.414,0
P109052220,-4.413,0
P148394259,-4.413,0
P28995853,-4.413,0
P146741114,-4.41,0
P54329404,-4.41,0
C20578745_P30714700,-4.409,0
P106191317,-4.409,0
P52203112,-4.409,0
P56795135,-4.408,0
P79923741,-4.408,0
C35567806_P52786975,-4.407,0
C35567806_P52785184,-4.407,0
P125197232,-4.407,0
P63604841,-4.407,0
P30886437,-4.406,0
P33690911,-4.406,0
P96732608,-4.406,0
C04417298_P09126672,-4.405,0
P30241572,-4.405,0
P134769341,-4.404,0
P54901032,-4.404,0
C58157151_P87713976,-4.402,0
C02615872_P19781063,-4.402,0
C06195410_P09604210,-4.402,0
C91396233_P143007881,-4.401,0
C20219717_P105643841,-4.401,0
C13210900_P60208145,-4.4,0
C09041765_P29859850,-4.399,0
P09151168,-4.399,0
P14182733,-4.399,0
P63910630,-4.399,0
C36595340_P54401395,-4.398,0
P89503013,-4.398,0
P24919271,-4.397,0
P29850727,-4.397,0
C36304948_P152393724,-4.396,0
C05355619_P156221734,-4.396,0
P112166794,-4.396,0
P34994489,-4.393,0
C96797702_P153048436,-4.392,0
Active_36,-4.392,1
C16918348_P25477213,-4.391,0
C25675004_P37932673,-4.39,0
C19881399_P29552326,-4.389,0
C34917444_P51835972,-4.388,0
C36308323_P53968396,-4.387,0
C06229189_P90776937,-4.385,0
C19881395_P29552316,-4.382,0
P134770100,-4.382,0
P22130537,-4.382,0
C98218610_P156205560,-4.381,0
C66200518_P101819224,-4.381,0
C00108720_P06503164,-4.38,0
P36063009,-4.38,0
C88678031_P138707440,-4.378,0
C33530394_P49667913,-4.378,0
P134930545,-4.378,0
P148482227,-4.377,0
C24081244_P35710509,-4.374,0
P27109222,-4.374,0
P60060465,-4.374,0
C03984118_P04984618,-4.372,0
P56726866,-4.372,0
C33766202_P50033629,-4.37,0
P88225466,-4.37,0
C12556997_P20728922,-4.369,0
P18912396,-4.369,0
P23654393,-4.369,0
C22998748_P34145199,-4.368,0
Active_38,-4.368,1
C97990873_P155628892,-4.367,0
C08857379_P13699857,-4.365,0
C41539560_P62955266,-4.365,0
C04231924_P156212594,-4.364,0
P56660162,-4.364,0
C09334050_P30130403,-4.363,0
C20909910_P31266264,-4.363,0
P109050555,-4.363,0
P155689477,-4.363,0
P79826183,-4.363,0
C00304803_P05692823,-4.362,0
C35681976_P52970257,-4.362,0
P109359710,-4.362,0
P133605077,-4.361,0
P156184180,-4.359,0
P58352108,-4.359,0
P151154985,-4.358,0
P65674233,-4.358,0
C94443063_P148023574,-4.357,0
C75877031_P118264365,-4.356,0
P14736851,-4.355,0
C20834921_P31107794,-4.354,0
C22928431_P66138990,-4.353,0
P11875402,-4.353,0
P156205511,-4.353,0
C20837804_P90910434,-4.352,0
C20149753_P29989457,-4.35,0
P20802871,-4.35,0
C98218611_P156205561,-4.347,0
P18501660,-4.346,0
C32768627_P51763012,-4.345,0
P61448630,-4.345,0
C04004732_P56691265,-4.344,0
P108062173,-4.342,0
P30397782,-4.342,0
C20231668_P30136352,-4.337,0
P104265860,-4.337,0
C57863657_P87058443,-4.336,0
C59075310_P89537508,-4.336,0
P29802148,-4.334,0
C20135096_P29971096,-4.333,0
P91632008,-4.332,0
C39828086_P60432572,-4.331,0
P135479134,-4.33,0
P61835725,-4.33,0
P05538582,-4.328,0
C20905123_P31218895,-4.327,0
C12625453_P155641173,-4.326,0
C20832929_P31105763,-4.325,0
C34782323_P130270463,-4.325,0
P143486826,-4.322,0
C17319681_P25995453,-4.321,0
P14245769,-4.321,0
P155760800,-4.321,0
C08818167_P29447813,-4.317,0
P144608279,-4.317,0
C38718374_P58625076,-4.315,0
C32824402_P48625633,-4.313,0
C65031119_P99927159,-4.313,0
C20051669_P57427331,-4.313,0
C97969019_P155581404,-4.313,0
P136824460,-4.313,0
P143485880,-4.313,0
P90777536,-4.309,0
C97970951_P155586910,-4.308,0
P32414666,-4.307,0
C22931179_P34047883,-4.303,0
C57355787_P86106889,-4.303,0
C94362123_P147892227,-4.301,0
C96108302_P151390205,-4.301,0
P111236053,-4.299,0
C09177073_P105658123,-4.298,0
P151287227,-4.297,0
C01848897_P09348595,-4.295,0
C32535767_P48057407,-4.295,0
P18303714,-4.292,0
C14531135_P22210080,-4.29,0
C08904955_P105643601,-4.29,0
P31210887,-4.288,0
P56925356,-4.288,0
P89503024,-4.288,0
C79231939_P123725838,-4.287,0
C08905484_P109878598,-4.287,0
C71896595_P111553769,-4.287,0
P108111045,-4.287,0
P148485008,-4.285,0
C33475464_P49578126,-4.284,0
P15231337,-4.284,0
C95948844_P156430599,-4.282,0
C34920933_P51835403,-4.282,0
P22120381,-4.282,0
C03210813_P96197556,-4.28,0
P15092917,-4.28,0
P54261522,-4.28,0
C33515747_P49644155,-4.279,0
P53518737,-4.278,0
C09010176_P29336370,-4.277,0
C20838037_P31091701,-4.276,0
C05150745_P09654593,-4.275,0
P53860852,-4.274,0
P60807038,-4.274,0
P19873103,-4.273,0
C66200611_P101819317,-4.272,0
P07348877,-4.272,0
P139750570,-4.272,0
P09347262,-4.27,0
C09244052_P29468590,-4.269,0
C35275899_P52338465,-4.267,0
C20836244_P31108868,-4.267,0
C48633207_P72707811,-4.266,0
C98229719_P156227693,-4.266,0
P14545172,-4.266,0
P156205228,-4.266,0
P29253978,-4.264,0
P60815277,-4.261,0
P76947564,-4.26,0
P94194521,-4.258,0
C80838296_P126220725,-4.256,0
C88677211_P138700778,-4.255,0
P58228598,-4.254,0
C49431372_P73811507,-4.253,0
C24216870_P35926602,-4.251,0
C20578727_P30714681,-4.25,0
C91252305_P142719711,-4.25,0
C71279573_P110188207,-4.249,0
C06599576_P56711868,-4.248,0
C12525919_P126556362,-4.246,0
P57293921,-4.244,0
P62030138,-4.244,0
P57376180,-4.243,0
C67004045_P102965546,-4.242,0
C20393258_P30386362,-4.24,0
P48068005,-4.239,0
C36307228_P152393799,-4.237,0
C38705792_P61582394,-4.235,0
P19465898,-4.234,0
P99246470,-4.229,0
C88193003_P137941278,-4.228,0
C88128412_P137832175,-4.228,0
C96990570_P153506621,-4.226,0
P90575405,-4.225,0
C67283923_P103361072,-4.224,0
C33309688_P152664345,-4.223,0
P11578612,-4.221,0
C24116240_P35773641,-4.219,0
C51002866_P92049653,-4.219,0
C98218558_P156205508,-4.218,0
C32617540_P48313974,-4.216,0
C20905881_P31253296,-4.215,0
C73836773_P115007876,-4.215,0
C02863489_P155882076,-4.214,0
P09727503,-4.214,0
P103912534,-4.213,0
P66854899,-4.213,0
C77319571_P120626915,-4.209,0
C20905875_P31253284,-4.208,0
C09156119_P14044870,-4.205,0
C78869022_P123090182,-4.204,0
P133272797,-4.204,0
P54266264,-4.202,0
P148484836,-4.198,0
P89378760,-4.197,0
C84025620_P131455139,-4.195,0
C66437573_P156014154,-4.193,0
P152329692,-4.191,0
P60451447,-4.191,0
P73555314,-4.191,0
P114264837,-4.19,0
C23157894_P34369542,-4.187,0
C57380558_P86152674,-4.186,0
C09007584_P105643237,-4.185,0
C73836754_P115007583,-4.184,0
C08901463_P109888918,-4.182,0
C20219709_P105643813,-4.18,0
C00697315_P49315437,-4.18,0
C32535741_P48057349,-4.18,0
C57748560_P86828737,-4.179,0
P108100690,-4.178,0
C40202172_P61022704,-4.177,0
P60219805,-4.176,0
P112316812,-4.175,0
C33758369_P50021793,-4.174,0
C34921352_P51835838,-4.174,0
P148597798,-4.174,0
C29090002_P44591365,-4.172,0
C14654303_P22378765,-4.171,0
P153547277,-4.168,0
C12258974_P37649612,-4.167,0
Active_37,-4.167,1
C97422699_P154298763,-4.165,0
P34381889,-4.165,0
P12841598,-4.162,0
P52435992,-4.155,0
C32101596_P101994111,-4.154,0
C71876624_P111508218,-4.154,0
P151634957,-4.154,0
P33555507,-4.154,0
C36693981_P58788885,-4.151,0
P152456773,-4.149,0
C19723269_P29257615,-4.148,0
C39911535_P60558340,-4.146,0
P15238550,-4.146,0
P58352537,-4.145,0
C35275229_P52337741,-4.141,0
C09442462_P14631314,-4.14,0
C96379594_P152080505,-4.14,0
C39827602_P60432088,-4.14,0
P108596745,-4.139,0
C09157151_P14046322,-4.138,0
C65403264_P100576173,-4.138,0
C67596371_P103795987,-4.138,0
C33131404_P49019911,-4.136,0
P109922156,-4.135,0
P54356246,-4.133,0
P34656437,-4.131,0
C98042949_P155767256,-4.13,0
C14671702_P22397842,-4.13,0
P53459710,-4.13,0
C61518107_P94194894,-4.128,0
P06815222,-4.128,0
C97573415_P154638917,-4.127,0
C41092660_P62366008,-4.126,0
C23231795_P34486365,-4.124,0
C20424535_P30444607,-4.123,0
C20219725_P108670593,-4.121,0
C33555011_P49713311,-4.119,0
P19913401,-4.116,0
C06565212_P117219578,-4.115,0
C21963300_P87777353,-4.11,0
P32228519,-4.104,0
C27666143_P40796282,-4.1,0
P134929892,-4.1,0
P94212620,-4.1,0
C95995675_P151183662,-4.097,0
P102016377,-4.095,0
P60692968,-4.094,0
C06863067_P156226893,-4.093,0
C96925385_P153400925,-4.092,0
P155686470,-4.091,0
C16912507_P25471059,-4.09,0
P135595123,-4.087,0
P56705554,-4.086,0
C39864857_P60487587,-4.085,0
C86287144_P135132620,-4.084,0
C09465845_P14502711,-4.083,0
P156205391,-4.082,0
P14622171,-4.081,0
C20424164_P30443578,-4.08,0
P51867562,-4.08,0
P109060959,-4.079,0
P155766448,-4.079,0
C02806107_P50080969,-4.074,0
P13634709,-4.073,0
C39911708_P61501408,-4.072,0
C33813493_P56896591,-4.069,0
P22518482,-4.069,0
C93012796_P145609855,-4.067,0
C88675981_P138697194,-4.064,0
C97953022_P155534388,-4.063,0
P22654578,-4.063,0
C33627871_P49818726,-4.062,0
P09257341,-4.061,0
P53480797,-4.059,0
P155614620,-4.057,0
Active_33,-4.057,1
C36680128_P58751536,-4.056,0
P89596629,-4.056,0
C39975255_P60664172,-4.055,0
P131830641,-4.055,0
P124339377,-4.054,0
P55985648,-4.054,0
P137585111,-4.052,0
C43775253_P66162128,-4.051,0
C33515767_P49645078,-4.047,0
C13141737_P154697499,-4.045,0
C19952905_P29694579,-4.045,0
P07649499,-4.045,0
C33758265_P50021779,-4.044,0
C08442506_P12871862,-4.042,0
C08439759_P12781907,-4.041,0
P153189008,-4.039,0
P154394620,-4.036,0
P147653202,-4.035,0
P91399090,-4.035,0
C16915339_P28751133,-4.034,0
P60182368,-4.034,0
P146693861,-4.033,0
C13522348_P83568465,-4.031,0
C03428788_P09778205,-4.029,0
P31437378,-4.027,0
C36637139_P91924579,-4.024,0
C20149708_P108670496,-4.022,0
P156207228,-4.021,0
C35484287_P52653140,-4.02,0
P135473779,-4.019,0
P154712083,-4.015,0
C61718794_P94535209,-4.012,0
C09272732_P54327769,-4.011,0
P67866924,-4.011,0
P12658024,-4.008,0
P54277404,-4.008,0
C98218778_P156205753,-4.006,0
C33515774_P49645085,-4.005,0
P14516317,-4.005,0
C96472168_P152350388,-4.004,0
P138791725,-4.004,0
C01451556_P155573942,-4.003,0
P85712764,-4.003,0
P55985628,-4.001,0
P142891714,-3.998,0
C98225849_P156219889,-3.99,0
C24081254_P35711063,-3.99,0
P99398374,-3.987,0
P26603685,-3.986,0
C54624718_P82201615,-3.985,0
C24334123_P36057361,-3.984,0
P54277235,-3.984,0
P90628536,-3.983,0
P133285922,-3.98,0
P156250309,-3.98,0
P151634953,-3.979,0
C09375130_P29883561,-3.978,0
C24885471_P36829864,-3.977,0
C75876964_P118264298,-3.976,0
P144024875,-3.974,0
C72400529_P112616482,-3.973,0
C35342243_P52437433,-3.973,0
P13656572,-3.969,0
P151798663,-3.968,0
P155736172,-3.967,0
C19079093_P54229598,-3.962,0
P89354596,-3.961,0
P130006543,-3.958,0
P22363167,-3.958,0
C20676046_P30871194,-3.956,0
P31019747,-3.954,0
C19723270_P29257616,-3.951,0
C04529163_P90777268,-3.951,0
C22023763_P32776174,-3.951,0
C34691463_P51479645,-3.95,0
C98218471_P156205396,-3.949,0
P15832014,-3.948,0
C33773525_P50043995,-3.947,0
C97959681_P155554818,-3.947,0
P05340833,-3.943,0
P153828911,-3.943,0
P18981532,-3.94,0
C97969513_P155582364,-3.938,0
P34760813,-3.937,0
P155666874,-3.936,0
P53430023,-3.934,0
P74841104,-3.934,0
P140453412,-3.929,0
P37932001,-3.928,0
P136902099,-3.926,0
P87378511,-3.923,0
P54393345,-3.921,0
C48893911_P73050389,-3.92,0
P155553538,-3.92,0
C94263351_P147732030,-3.919,0
C77899436_P121575334,-3.918,0
P136201733,-3.917,0
P151815943,-3.917,0
P138417392,-3.915,0
C49449007_P73835734,-3.913,0
C59735544_P91038413,-3.911,0
P04703481,-3.91,0
P151815947,-3.91,0
C67902545_P104253444,-3.908,0
C06879051_P56762373,-3.907,0
C86674487_P135687703,-3.901,0
P18897659,-3.901,0
C44563817_P67250852,-3.9,0
P21546110,-3.9,0
P155540674,-3.898,0
P97042708,-3.896,0
P22905073,-3.895,0
C49449007_P73831375,-3.893,0
P136885177,-3.891,0
C97966967_P155573044,-3.889,0
P19938196,-3.889,0
P18481004,-3.887,0
P140963145,-3.884,0
P57058797,-3.884,0
P52385205,-3.879,0
C44909491_P67700012,-3.878,0
P74841077,-3.878,0
C33555018_P49713837,-3.877,0
P148484789,-3.875,0
C12633176_P18595274,-3.871,0
P54348297,-3.871,0
C38575338_P58392604,-3.869,0
P37924805,-3.869,0
P144870198,-3.867,0
P151207451,-3.867,0
P156205524,-3.866,0
C36512556_P54288270,-3.865,0
C22749302_P33802038,-3.865,0
P30189745,-3.862,0
C22841429_P90649523,-3.861,0
P77415391,-3.859,0
C17399508_P26147187,-3.858,0
P111919098,-3.858,0
C39898299_P61471192,-3.857,0
C08386795_P12679629,-3.855,0
P05115553,-3.855,0
C67317267_P103412780,-3.853,0
C66200661_P101819367,-3.853,0
C20675655_P30870661,-3.852,0
C33490611_P154531985,-3.847,0
C65025302_P99912780,-3.84,0
C25393083_P37539812,-3.838,0
P18901207,-3.838,0
C36693570_P58788127,-3.836,0
C33532927_P49672634,-3.831,0
C13772824_P90039280,-3.831,0
C73836720_P115007719,-3.826,0
P15526259,-3.826,0
P59785168,-3.826,0
C36310706_P53953622,-3.825,0
C20191507_P30065260,-3.82,0
C33509806_P49640042,-3.817,0
P13517199,-3.807,0
P57365125,-3.806,0
C39617172_P60061294,-3.805,0
C39912736_P60559983,-3.799,0
P141950788,-3.798,0
P138919409,-3.795,0
C04000209_P57376827,-3.794,0
C20037901_P29815313,-3.792,0
C09373691_P29883695,-3.79,0
C21076996_P31478801,-3.789,0
C93413259_P146291321,-3.787,0
C72394172_P112584976,-3.786,0
C20906720_P31261935,-3.785,0
C33038452_P48897235,-3.785,0
C20190382_P30065178,-3.785,0
C35081808_P52078717,-3.778,0
C96040655_P151270051,-3.778,0
C97967147_P155573970,-3.771,0
C89887160_P140498026,-3.769,0
C40851934_P62021883,-3.769,0
C05906844_P30617939,-3.762,0
P130144264,-3.762,0
C09270997_P105673369,-3.759,0
P103429896,-3.759,0
C24081418_P35711172,-3.758,0
C20083573_P29884300,-3.758,0
P58220263,-3.756,0
C97971015_P155587065,-3.754,0
C24885055_P36887006,-3.754,0
P64847962,-3.754,0
C36302043_P53966351,-3.751,0
P144024920,-3.751,0
C24081260_P35709388,-3.748,0
C08511800_P152679595,-3.745,0
C62566680_P95978474,-3.744,0
C33772522_P50042826,-3.743,0
C89953410_P140609059,-3.741,0
C36312978_P53970200,-3.741,0
C19885615_P29559850,-3.741,0
C86078612_P134799297,-3.739,0
C21486978_P32048905,-3.735,0
C36313380_P53970896,-3.731,0
P146716601,-3.722,0
P54354870,-3.722,0
P19872642,-3.72,0
P155939282,-3.719,0
P156218050,-3.718,0
P101506205,-3.717,0
C35765333_P53081685,-3.713,0
P71717594,-3.712,0
C68575724_P105235660,-3.711,0
P49897399,-3.702,0
C36513801_P54277314,-3.699,0
P137811955,-3.699,0
C33375241_P49419674,-3.697,0
P135504356,-3.694,0
C16293248_P24652548,-3.69,0
P31265682,-3.689,0
C68574609_P149967229,-3.688,0
P151777130,-3.686,0
C09482139_P155735924,-3.684,0
C73836754_P115007579,-3.68,0
C69593439_P107108714,-3.678,0
P111650999,-3.677,0
C72132615_P111980917,-3.672,0
C72132615_P111981462,-3.672,0
P94189127,-3.671,0
C33808487_P50098291,-3.669,0
P109102577,-3.666,0
P31204426,-3.666,0
C33375902_P49419856,-3.661,0
C22787694_P33902211,-3.66,0
C98000962_P155657603,-3.652,0
P32904436,-3.652,0
C96191699_P151558603,-3.651,0
C04713094_P83503726,-3.65,0
P24699679,-3.645,0
P19389570,-3.643,0
C78892755_P123130713,-3.642,0
P97603915,-3.642,0
P13148355,-3.639,0
P54354808,-3.633,0
C98232117_P156232650,-3.632,0
C96696371_P152873903,-3.631,0
C19904676_P29608529,-3.623,0
P148688545,-3.615,0
P61151999,-3.615,0
C16051039_P151081401,-3.613,0
C33751877_P50012130,-3.611,0
P138696736,-3.606,0
C02638255_P126193108,-3.6,0
P155648177,-3.595,0
C97956829_P155545346,-3.594,0
C09631549_P20391631,-3.59,0
P06151147,-3.584,0
C22487134_P33450112,-3.578,0
C79194015_P123651746,-3.569,0
P54277451,-3.566,0
P139724556,-3.563,0
C39724900_P60235185,-3.562,0
C05919043_P155784240,-3.557,0
P139512278,-3.55,0
P120960170,-3.548,0
C09186758_P108643745,-3.546,0
P55985649,-3.539,0
P143486878,-3.537,0
P137586242,-3.535,0
C20833191_P31106078,-3.531,0
C39929740_P60587360,-3.523,0
C33558755_P81207030,-3.518,0
P37966320,-3.518,0
C17066706_P25668584,-3.514,0
P152585578,-3.508,0
C20310756_P30265763,-3.5,0
P105984706,-3.5,0
P91125984,-3.497,0
C20109430_P29925793,-3.496,0
C40214383_P61046248,-3.493,0
C20310715_P30265693,-3.491,0
P20405076,-3.491,0
P54295742,-3.486,0
C08670850_P126245784,-3.48,0
C36514628_P54288613,-3.48,0
C22021470_P32765705,-3.477,0
P29909494,-3.475,0
C33375301_P49419699,-3.474,0
C41534975_P62950673,-3.463,0
P107075498,-3.462,0
P112316832,-3.46,0
C15722084_P111270940,-3.458,0
P07688545,-3.458,0
P27311158,-3.455,0
C33797492_P50080967,-3.453,0
P99398386,-3.453,0
P155578855,-3.448,0
C72251510_P112266610,-3.443,0
C12565698_P18471842,-3.425,0
C36514631_P54288618,-3.417,0
C49723024_P74287999,-3.406,0
C36499660_P54257242,-3.405,0
C35420047_P52554461,-3.402,0
P54263079,-3.398,0
C08921649_P105509450,-3.396,0
P09359236,-3.394,0
P130012052,-3.392,0
P53609690,-3.392,0
P126187652,-3.379,0
C34941357_P51868080,-3.378,0
C21038566_P31408843,-3.376,0
P80508543,-3.371,0
C20468241_P30512483,-3.37,0
C18201824_P27237223,-3.364,0
C01940636_P10235483,-3.363,0
C04741906_P06798370,-3.354,0
P148485009,-3.342,0
P53494247,-3.33,0
P126198693,-3.328,0
C39915799_P60561845,-3.323,0
C13766935_P90013534,-3.315,0
C34780277_P152127694,-3.289,0
C35024021_P51985838,-3.275,0
C33592114_P49766513,-3.274,0
C22001757_P83168548,-3.272,0
C07166816_P11200727,-3.272,0
C59169020_P89791691,-3.264,0
C33509797_P49640038,-3.254,0
P53492453,-3.223,0
C08702604_P126245506,-3.193,0
P18166124,-3.192,0
P86115211,-3.185,0
P97686380,-3.185,0
P35708276,-3.179,0
C00717214_P05199754,-3.173,0
P109013438,-3.163,0
P99398363,-3.157,0
C98232209_P156232691,-3.151,0
C36680044_P58751476,-3.15,0
C97939680_P155479901,-3.131,0
C33813259_P56895969,-3.12,0
C33813259_P50104884,-3.12,0
P147991734,-3.115,0
P32297458,-3.114,0
C36571350_P54366829,-3.101,0
P54329403,-3.097,0
P24014730,-3.077,0
C35567353_P52784522,-3.068,0
C70665115_P109014192,-3.05,0
P149967239,-3.037,0
C35025012_P51987769,-3.025,0
C25082472_P37099020,-3.02,0
C22422768_P87764014,-3.007,0
C08399039_P155489965,-3.006,0
P122844408,-2.996,0
C31933044_P119925303,-2.956,0
P101820693,-2.943,0
C20212479_P30100395,-2.927,0
C24081293_P35711070,-2.923,0
P87392913,-2.911,0
C24080629_P35710684,-2.898,0
C33751871_P50012124,-2.867,0
C12104159_P58580692,-2.855,0
C21946220_P112676847,-2.851,0
P53514797,-2.803,0
C24273400_P35977379,-2.791,0
P21509324,-2.79,0
C22921162_P56773124,-2.763,0
P130801441,-2.737,0
P97668748,-2.714,0
P156203362,-2.703,0
P97685514,-2.627,0
P87397729,-2.505,0
C70712212_P109104426,-2.501,0
P144514873,-2.449,0
P66148154,-2.429,0
P60905437,-2.42,0
P105238532,-2.409,0
P97685976,-2.369,0
P52333277,-2.29,0
P65265310,-2.075,0
P53514837,-2.057,0
P120545845,-1.276,0
P97671168,-1.255,0
C67912404_P104267732,-0.959,0
C20595435_P30723717,-0.947,0
P20378851,-0.89,0
C68719020_P105474967,-0.878,0
P_notdocked1,0,0
P_notdocked2,0,0
P_notdocked3,0,0
P_notdocked4,0,0
P_notdocked5,0,0
P_notdocked6,0,0
P_notdocked7,0,0
P_notdocked8,0,0
P_notdocked9,0,0
P_notdocked10,0,0
P_notdocked11,0,0
