Compound,Energy,Flag
3TU7_active_10119957_-_preprocessed,-85.9726134627,1
6GBW_5RGW_-_ligand_docked_-_preprocessed,-58.9655216827,0
4LXB_5R84_-_ligand_-_preprocessed,-45.9569866635,0
3TU7_active_9807737_-_preprocessed,-85.6055804075,1
6GBW__R_-Bepridil_docked_-_preprocessed,-38.9947662084,0
6GBW_5RF1_-_ligand_docked_-_preprocessed,-28.5849519296,0
6GBW_5REB_-_ligand_docked_-_preprocessed,-31.5936255836,0
6GBW_Pimozide_docked_-_preprocessed,-55.8927977214,0
4LXB_5R7Y_-_ligand_-_preprocessed,-39.2389837179,0
6GBW_active_10074165_docked_-_preprocessed,-37.0624038403,1
6GBW_active_91934633_docked_-_preprocessed,-43.0624574349,1
6GBW_Nelfinavir_1_docked_-_preprocessed,-70.1448666851,0
4LXB_5RH2_-_ligand_-_preprocessed,-44.3629411595,0
4LXB_active_10208564_-_preprocessed,-60.4273743544,1
4LXB_active_44285281_-_preprocessed,-92.2110876517,1
3TU7_active_10119176_-_preprocessed,-87.0749279355,1
4LXB_5RGI_-_ligand_-_preprocessed,-19.2698810332,0
4LXB_5RGV_-_ligand_-_preprocessed,-49.598582194,0
6GBW_active_656916_docked_-_preprocessed,-73.1638276581,1
4LXB_active_11330177_-_preprocessed,-82.7553516336,1
3TU7_active_10280794_-_preprocessed,-79.1229361067,1
6GBW_active_10279315_docked_-_preprocessed,-101.69459476,1
4LXB_6M2N_-_ligand_-_preprocessed,-43.6852698094,0
6GBW_Ebastine_docked_-_preprocessed,-42.0506015431,0
4LXB_active_44285119_-_preprocessed,-44.9686046484,1
6GBW_active_10995244_docked_-_preprocessed,-69.2073831894,1
4LXB_5RH1_-_ligand_-_preprocessed,-47.7045423989,0
6GBW_active_10303315_docked_-_preprocessed,-70.7177323523,1
6GBW_active_44380417_docked_-_preprocessed,-85.5601499284,1
6GBW_5R81_-_ligand_docked_-_preprocessed,-34.0181082292,0
6GBW_active_11365611_docked_-_preprocessed,-67.2422942904,1
4LXB_active_44285253_-_preprocessed,-61.6347354484,1
6GBW_active_10119483_docked_-_preprocessed,-92.5519373526,1
6GBW_5RG1_-_ligand_docked_-_preprocessed,-28.7115283321,0
3TU7_active_10896771_-_preprocessed,-86.4945067634,1
6GBW_5RF6_-_ligand_docked_-_preprocessed,-35.9649687721,0
4LXB__S_-Bepridil_-_preprocessed,-46.8970612176,0
6GBW_active_44284992_docked_-_preprocessed,-51.1219804428,1
4LXB_Lopinavir_2_-_preprocessed,-64.4606751706,0
4LXB_5RGZ_-_ligand_-_preprocessed,-57.4130829677,0
6GBW_active_11168914_docked_-_preprocessed,-41.3466917263,1
6GBW_5RH3_-_ligand_docked_-_preprocessed,-46.062576217,0
6GBW_5RGH_-_ligand_docked_-_preprocessed,-34.8984435173,0
4LXB_5R7Z_-_minimized_lig_-_preprocessed,-33.9767274581,0
6GBW_5RF7_-_ligand_docked_-_preprocessed,-30.0252777154,0
4LXB_active_73355715_-_preprocessed,-49.5671691029,1
4LXB_5RGX_-_ligand_-_preprocessed,-33.8810460021,0
6GBW_5RH8_-_ligand_docked_-_preprocessed,-38.5503512716,0
4LXB_5RH0_-_ligand_-_preprocessed,-39.701843829,0
6GBW_active_9850497_docked_-_preprocessed,-55.7161401702,1
6GBW_active_10208075_docked_-_preprocessed,-64.6669129913,1
4LXB_5R83_-_ligand_-_preprocessed,-40.8039640633,0
3TU7_active_44264746_-_preprocessed,-81.0311178875,1
6GBW_5RGU_-_ligand_docked_-_preprocessed,-44.779122362,0
3TU7_active_9871765_-_preprocessed,-72.7987139595,1
4LXB_active_9850077_-_preprocessed,-56.2643853543,1
4LXB_active_53317095_-_preprocessed,-64.9420452062,1
6GBW_5R80_-_ligand_docked_-_preprocessed,-30.9321002213,0
4LXB_active_44285211_-_preprocessed,-54.05844818,1
6GBW_active_10121908_docked_-_preprocessed,-73.0491555922,1
6GBW_active_11146027_docked_-_preprocessed,-71.0011829255,1
6GBW_Nelfinavir_2_docked_-_preprocessed,-51.9519660936,0
6GBW_5RFE_-_ligand_docked_-_preprocessed,-41.7698423755,0
6GBW_active_10188053_docked_-_preprocessed,-69.6856581884,1
6GBW_active_23646612_docked_-_preprocessed,-82.107956941,1
6GBW_active_10165288_docked_-_preprocessed,-55.6353550183,1
6GBW_5RGY_-_ligand_docked_-_preprocessed,-47.3088092104,0
6GBW_5REZ_-_ligand_docked_-_preprocessed,-31.7925919549,0
