Compound,Energy,Flag
4QUL_-_minimized_dry_Active_29a,-104.9260050434,1
4QUL_-_minimized_dry_Active_16,-103.9207119045,1
4QUL_-_minimized_dry_Active_8,-102.9911595779,1
4QUL_-_minimized_dry_Active_15,-101.1717899192,1
4QUL_-_minimized_dry_Active_28b,-99.5019217288,1
4QUL_-_minimized_dry_Active_23b,-98.707026246,1
4QUL_-_minimized_dry_Active_14,-96.7028819787,1
4QUL_-_minimized_dry_Active_20,-96.4960048409,1
4QUL_-_minimized_dry_Active_26b,-96.3221012545,1
4QUL_-_minimized_dry_Active_18,-95.9948196134,1
4QUL_-_minimized_dry_Active_19a,-93.3807617353,1
4QUL_-_minimized_dry_Active_25b,-92.1837561326,1
4QUL_-_minimized_dry_Active_13,-91.2052949815,1
4QUL_-_minimized_dry_Active_10,-89.4208620737,1
4QUL_-_minimized_dry_Active_12,-88.3849393453,1
4QUL_-_minimized_dry_Active_17,-88.2188475964,1
4QUL_-_minimized_dry_Active_7,-87.6928238893,1
4QUL_-_minimized_dry_Active_21b,-86.9135273114,1
4QUL_-_minimized_dry_Active_24b,-86.7073993621,1
4QUL_-_minimized_dry_Active_11,-85.3982895575,1
4QUL_-_minimized_dry_Active_6,-83.769752597,1
4QUL_-_minimized_dry_Active_22a,-82.9051718931,1
4QUL_-_minimized_dry_Active_30b,-79.0096649695,1
4QUL_-_minimized_dry_Lopinavir_2,-67.399742284,0
4QUL_-_minimized_dry_Active_1b,-63.1343052228,1
4QUL_-_minimized_dry_Active_5a,-62.7456578581,1
4QUL_-_minimized_dry__S_-Bepridil,-60.982953372,0
4QUL_-_minimized_dry_Ebastine,-60.3202031632,0
4QUL_-_minimized_dry_5RG1_-_ligand,-59.8977531334,0
4QUL_-_minimized_dry_Active_27,-58.3170311573,1
4QUL_-_minimized_dry_5RGW_-_ligand,-57.769062183,0
4QUL_-_minimized_dry_Active_37,-57.1875187687,1
4QUL_-_minimized_dry_Active_35,-57.1354355037,1
4QUL_-_minimized_dry_5RGU_-_ligand,-56.551752447,0
4QUL_-_minimized_dry_5RH1_-_ligand,-53.6258808031,0
4QUL_-_minimized_dry_5RFE_-_ligand,-52.0608451753,0
4QUL_-_minimized_dry_Pimozide,-51.8846389903,0
4QUL_-_minimized_dry_Active_38,-51.759353477,1
4QUL_-_minimized_dry_Active_31,-50.935254086,1
4QUL_-_minimized_dry_Active_4a,-50.1980102439,1
4QUL_-_minimized_dry_5R7Z_-_minimized_lig,-47.3887954653,0
4QUL_-_minimized_dry_Nelfinavir_1,-47.3791135643,0
4QUL_-_minimized_dry_Active_3a,-46.8139001905,1
4QUL_-_minimized_dry_5RGX_-_ligand,-45.8032800298,0
4QUL_-_minimized_dry__R_-Bepridil,-45.5932208704,0
4QUL_-_minimized_dry_Active_36,-45.0967398978,1
4QUL_-_minimized_dry_5RGI_-_ligand,-44.6716843615,0
4QUL_-_minimized_dry_5RH2_-_ligand,-44.5529741623,0
4QUL_-_minimized_dry_5REB_-_ligand,-44.291988518,0
4QUL_-_minimized_dry_5R84_-_ligand,-43.2509855082,0
4QUL_-_minimized_dry_5RGV_-_ligand,-43.0669410588,0
4QUL_-_minimized_dry_5RGY_-_ligand,-41.573401653,0
4QUL_-_minimized_dry_Active_33,-40.5595275534,1
4QUL_-_minimized_dry_5RH3_-_ligand,-39.03847127,0
4QUL_-_minimized_dry_5RH8_-_ligand,-38.9913821549,0
4QUL_-_minimized_dry_5R80_-_ligand,-38.3165905903,0
4QUL_-_minimized_dry_Active_9b,-36.671757414,1
4QUL_-_minimized_dry_5R81_-_ligand,-36.131537052,0
4QUL_-_minimized_dry_5R7Y_-_ligand,-35.2474278937,0
4QUL_-_minimized_dry_6M2N_-_ligand,-33.5472543003,0
4QUL_-_minimized_dry_5RH0_-_ligand,-33.5373126851,0
4QUL_-_minimized_dry_5RF6_-_ligand,-33.295332744,0
4QUL_-_minimized_dry_Active_32,-33.2370461259,1
4QUL_-_minimized_dry_Active_34,-32.8879016066,1
4QUL_-_minimized_dry_5R83_-_ligand,-30.8745897713,0
4QUL_-_minimized_dry_Active_2b,-30.7704541191,1
4QUL_-_minimized_dry_5REZ_-_ligand,-29.2951853911,0
4QUL_-_minimized_dry_5RF1_-_ligand,-28.8527364669,0
4QUL_-_minimized_dry_5RGZ_-_ligand,-24.7912298086,0
4QUL_-_minimized_dry_5RGH_-_ligand,-23.7971522835,0
4QUL_-_minimized_dry_5RF7_-_ligand,-13.1750976192,0
