Compound,Energy,Flag
4QUL_-_minimized_dry_Active_23b,-98.70702624602336,0
4QUL_-_minimized_dry_Active_16,-103.92071190454183,0
4QUL_-_minimized_dry_Active_35,-57.135435503712515,0
4QUL_-_minimized_dry_Active_2b,-30.770454119141327,0
4QUL_-_minimized_dry_Active_30b,-79.00966496945702,0
4QUL_-_minimized_dry_Active_21b,-86.91352731144545,0
4QUL_-_minimized_dry_Active_19a,-93.38076173530078,0
4QUL_-_minimized_dry_Active_34,-32.887901606648846,0
4QUL_-_minimized_dry_Active_10,-89.42086207369957,0
4QUL_-_minimized_dry_Active_6,-83.7697525970456,0
4QUL_-_minimized_dry_Active_15,-101.17178991920821,0
4QUL_-_minimized_dry_Active_38,-51.759353477032356,0
4QUL_-_minimized_dry_Active_5a,-62.74565785810618,0
4QUL_-_minimized_dry_Active_8,-102.99115957792341,0
4QUL_-_minimized_dry_Active_28b,-99.50192172884223,0
4QUL_-_minimized_dry_Active_36,-45.096739897832244,0
4QUL_-_minimized_dry_Active_11,-85.39828955749462,0
4QUL_-_minimized_dry_Active_3a,-46.813900190522496,0
4QUL_-_minimized_dry_Active_17,-88.21884759639343,0
4QUL_-_minimized_dry_Active_22a,-82.90517189308329,0
4QUL_-_minimized_dry_Active_4a,-50.198010243879615,0
4QUL_-_minimized_dry_Active_24b,-86.70739936205064,0
4QUL_-_minimized_dry_Active_1b,-63.134305222763224,0
4QUL_-_minimized_dry_Active_12,-88.38493934526232,0
4QUL_-_minimized_dry_Active_14,-96.70288197870732,0
4QUL_-_minimized_dry_Active_31,-50.93525408597651,0
4QUL_-_minimized_dry_Active_13,-91.20529498145663,0
4QUL_-_minimized_dry_Active_32,-33.23704612592146,0
4QUL_-_minimized_dry_Active_20,-96.4960048408953,0
4QUL_-_minimized_dry_Active_18,-95.99481961340948,0
4QUL_-_minimized_dry_Active_33,-40.55952755338077,0
4QUL_-_minimized_dry_Active_37,-57.18751876870401,0
4QUL_-_minimized_dry_Active_25b,-92.18375613264173,0
4QUL_-_minimized_dry_Active_26b,-96.32210125448194,0
4QUL_-_minimized_dry_Active_7,-87.69282388934153,0
4QUL_-_minimized_dry_Active_27,-58.317031157330064,0
4QUL_-_minimized_dry_Active_9b,-36.67175741403607,0
4QUL_-_minimized_dry_Active_29a,-104.92600504344159,0
