Compound,Energy,Flag
1T32_active_56673658_docked_-_preprocessed,-57.4532776844,1
1T32_5R84_-_ligand_docked_-_preprocessed,-32.1062559876,0
1T32_5RGH_-_ligand_docked_-_preprocessed,-31.7293008291,0
1T32_active_9798519_docked_-_preprocessed,-58.2246198674,1
1T32_5RGI_-_ligand_docked_-_preprocessed,-33.7614672867,0
1T32_active_10714430_docked_-_preprocessed,-60.5060752007,1
1T32_5RF6_-_ligand_docked_-_preprocessed,-30.4759126704,0
1T32_5R7Z_-_minimized_lig_docked_-_preprocessed,-31.6708166719,0
1T32_5R7Y_-_ligand_docked_-_preprocessed,-34.328016903,0
1T32_6M2N_-_ligand_docked_-_preprocessed,-27.6655011615,0
1T32_active_56673659_docked_-_preprocessed,-50.4227478676,1
1T32_active_2201551_docked_-_preprocessed,-44.6999245403,1
1T32_5RFE_-_ligand_docked_-_preprocessed,-40.4978588823,0
1T32_5REB_-_ligand_docked_-_preprocessed,-30.3776741389,0
1T32_5RGV_-_ligand_docked_-_preprocessed,-39.8146041268,0
1T32_active_1T32_docked_-_preprocessed,-71.6334934591,1
1T32_5RGY_-_ligand_docked_-_preprocessed,-48.3828973493,0
1T32_5R80_-_ligand_docked_-_preprocessed,-49.8099489042,0
1T32_5RGZ_-_ligand_docked_-_preprocessed,-41.4602775832,0
1T32_active_44378519_docked_-_preprocessed,-72.7965827495,1
1T32_active_387447_docked_-_preprocessed,-41.3461971475,1
1T32_5RH2_-_ligand_docked_-_preprocessed,-47.132920043,0
1T32_active_10497407_docked_-_preprocessed,-49.4033826053,1
1T32_5RGU_-_ligand_docked_-_preprocessed,-44.696705039,0
1T32_active_9800909_docked_-_preprocessed,-58.6449250933,1
1T32_5REZ_-_ligand_docked_-_preprocessed,-34.1341244059,0
1T32_5R81_-_ligand_docked_-_preprocessed,-36.7550251074,0
1T32_active_3245662_docked_-_preprocessed,-43.1718178741,1
1T32_active_25124204_docked_-_preprocessed,-58.4693812716,1
1T32_active_10620089_docked_-_preprocessed,-53.320108883,1
1T32_Ebastine_docked_-_preprocessed,-46.060443195,0
1T32_5RH3_-_ligand_docked_-_preprocessed,-49.887043569,0
1T32_Nelfinavir_1_docked_-_preprocessed,-68.2084571128,0
1T32_5RG1_-_ligand_docked_-_preprocessed,-47.0521413171,0
1T32_active_56670149_docked_-_preprocessed,-64.5767711577,1
1T32_active_10524714_docked_-_preprocessed,-55.0516574124,1
1T32_active_3492365_docked_-_preprocessed,-46.6268926554,1
1T32_active_10625780_docked_-_preprocessed,-56.7385492656,1
1T32_5RH8_-_ligand_docked_-_preprocessed,-50.9510580099,0
1T32_5RH1_-_ligand_docked_-_preprocessed,-45.4400464545,0
1T32_active_91935167_docked_-_preprocessed,-44.4880069477,1
1T32_active_1KYN_docked_-_preprocessed,-57.7289854915,1
1T32_5RF7_-_ligand_docked_-_preprocessed,-36.2565496078,0
1T32_active_10619385_docked_-_preprocessed,-61.9228630113,1
1T32_active_10497621_docked_-_preprocessed,-61.9723609736,1
1T32_active_56683634_docked_-_preprocessed,-57.0950096333,1
1T32__S_-Bepridil_docked_-_preprocessed,-46.1088799781,0
1T32_Pimozide_docked_-_preprocessed,-73.7585240891,0
1T32_active_44378491_docked_-_preprocessed,-71.9241780278,1
1T32_active_56666720_docked_-_preprocessed,-40.451007949,1
1T32__R_-Bepridil_docked_-_preprocessed,-55.2281637241,0
1T32_5RH0_-_ligand_docked_-_preprocessed,-36.2998752135,0
1T32_active_10391460_docked_-_preprocessed,-56.7385492656,1
1T32_Lopinavir_2_docked_-_preprocessed,-70.5011714482,0
1T32_active_10038543_docked_-_preprocessed,-42.0127948014,1
1T32_active_91935165_docked_-_preprocessed,-50.3338926945,1
1T32_5RF1_-_ligand_docked_-_preprocessed,-40.6413856199,0
1T32_active_9830518_docked_-_preprocessed,-63.7423767927,1
1T32_Nelfinavir_2_docked_-_preprocessed,-82.7985201714,0
1T32_5RGX_-_ligand_docked_-_preprocessed,-44.3207208778,0
1T32_5RGW_-_ligand_docked_-_preprocessed,-41.407461439,0
1T32_active_44378543_docked_-_preprocessed,-53.60679998,1
1T32_5R83_-_ligand_docked_-_preprocessed,-34.9631899639,0
1T32_active_296003_docked_-_preprocessed,-39.4038742583,1
1T32_active_737680_docked_-_preprocessed,-42.8425958359,1
1T32_active_24800541_docked_-_preprocessed,-65.9190241219,1
1T32_active_10593313_docked_-_preprocessed,-60.3562684549,1
