Compound,Best,Flag
C67911924_P104263561,-11.3817587,0
Flavonoid_86b-2GZ7,-11.3552752,1
Flavonoid_87a-2GZ7,-10.8286543,1
C79473648_P124189995,-10.8241234,0
C02370548_P155527855,-10.7150106,0
C00834444_P09349386,-10.4151745,0
C08818477_P13542455,-10.3250084,0
C02376490_P155527632,-10.2813282,0
C71894764_P111547211,-10.2398348,0
C02394477_P13260676,-10.1848888,0
Flavonoid_89a-2GZ7,-10.1596889,1
C67911927_P104263565,-10.1035366,0
C02370551_P155527853,-10.0456533,0
Flavonoid_88a-2GZ7,-10.0276871,1
C26600048_P55615676,-9.99977016,0
C97952395_P155530247,-9.98508835,0
C19898984_P29594794,-9.88547611,0
C98240644_P156251465,-9.86335945,0
C34708244_P51507173,-9.82818604,0
C13570339_P95018350,-9.79789829,0
C70704831_P109089279,-9.78006935,0
C98036917_P155751153,-9.77792358,0
C97952392_P155530484,-9.77668762,0
C53307522_P155543143,-9.76349831,0
C70701554_P109080214,-9.75113392,0
C83252329_P130120239,-9.71977139,0
C35483935_P52652620,-9.70851421,0
C15861918_P23943126,-9.67601776,0
C16038325_P111186352,-9.66102982,0
C20518364_P110957471,-9.65404129,0
C17524089_P26324330,-9.61592388,0
C00717453_P111126534,-9.59161854,0
C98007854_P155671380,-9.57326126,0
C33036978_P48898111,-9.56578255,0
C09477509_P20365376,-9.56144333,0
C03234116_P155282826,-9.55893707,0
C16011794_P110957379,-9.54866505,0
C02246173_P09281173,-9.54731083,0
C70701240_P109079550,-9.54247761,0
C98036918_P155752119,-9.52069283,0
C38700423_P58590903,-9.51950169,0
C98002688_P155660550,-9.51163006,0
C39206483_P59402052,-9.4960537,0
C04327354_P156198083,-9.49385738,0
C98037055_P155752237,-9.49005508,0
C03184733_P152137071,-9.48843765,0
C19790621_P29376133,-9.45960808,0
C09292118_P54256804,-9.45825863,0
C33594340_P49769884,-9.45815849,0
C39589851_P60025253,-9.4487257,0
C01334057_P49386203,-9.43476582,0
C96860884_P153241650,-9.42013931,0
C36658237_P58704085,-9.41787529,0
C02358522_P155527285,-9.41423988,0
C06141595_P57778846,-9.40489769,0
C20391928_P97837051,-9.39816666,0
C02440893_P90000584,-9.38797855,0
C12656159_P18608764,-9.37816429,0
C40826231_P61985648,-9.37168789,0
C00659083_P57588388,-9.36679554,0
C33810612_P50100426,-9.36665535,0
C09085894_P13937554,-9.36414528,0
C04282144_P156211431,-9.35402966,0
C12340726_P18134934,-9.35337067,0
C40339766_P61235572,-9.35281944,0
C04335690_P05743967,-9.34699535,0
C02355320_P57469149,-9.34665012,0
C04181218_P06936346,-9.32990837,0
C96336130_P151994426,-9.32952213,0
Flavonoid_83c-2GZ7,-9.32950687,1
C38702104_P61579481,-9.3286953,0
C39547800_P59954935,-9.31446838,0
C01792448_P79992253,-9.31129742,0
C54202146_P81544250,-9.30999947,0
C16684553_P140450871,-9.30037403,0
C97955843_P155542799,-9.28821945,0
C34716848_P133687440,-9.27298737,0
C01118309_P90776711,-9.27012634,0
C21224518_P31677036,-9.26192379,0
C33358564_P49381204,-9.25667,0
C40548995_P61567788,-9.24089527,0
C59170395_P89794735,-9.24074364,0
C58847114_P89091797,-9.23819637,0
C59458913_P90478177,-9.23805428,0
C08443146_P12795736,-9.22893238,0
C10079777_P15376934,-9.22841549,0
C20764050_P30994624,-9.22468567,0
C39897964_P112769249,-9.22210312,0
C84083128_P131562624,-9.22001934,0
C98045631_P155774804,-9.212677,0
C23623882_P35037506,-9.20965099,0
C69492384_P106895767,-9.20274162,0
C23893475_P35458309,-9.17391872,0
C65240464_P100248317,-9.17380142,0
C00883344_P06771453,-9.16541958,0
C95368533_P149792293,-9.16462803,0
C95368533_P149794142,-9.16356087,0
C70669984_P109028291,-9.1591444,0
C08872325_P91457032,-9.15401268,0
C97951917_P155528741,-9.15124226,0
C08857549_P13603788,-9.14381218,0
C12882846_P18923668,-9.1429472,0
C19848963_P85708528,-9.14110565,0
C04052443_P20211678,-9.13732815,0
C00842029_P09713204,-9.13386154,0
C00778301_P09192395,-9.12503242,0
C02157537_P89318353,-9.1203928,0
C97995313_P155645384,-9.11763954,0
C98216186_P156199400,-9.11082363,0
C09462094_P57762289,-9.10723591,0
C02228498_P155543827,-9.1004591,0
C04660853_P09084981,-9.09523582,0
C18197750_P27206846,-9.09250832,0
C72393104_P112584704,-9.09140015,0
C39891654_P60520866,-9.09100533,0
C59123611_P89683727,-9.09055328,0
C57506634_P86382453,-9.07208824,0
Pyrazolone_133a-2GZ7,-9.06859112,1
C00695957_P09137431,-9.06727886,0
C95496215_P150077729,-9.0666008,0
C04777169_P56543906,-9.06099606,0
C40400319_P61326464,-9.05297947,0
C24543649_P89591428,-9.05130291,0
C33289126_P49232237,-9.04978561,0
C59418713_P90395961,-9.04785728,0
C38508733_P58271239,-9.04020214,0
C01414778_P22737194,-9.03643417,0
C31744358_P46761644,-9.03421402,0
C96580353_P152633338,-9.0320282,0
C39870270_P60493561,-9.03190708,0
C98284756_P156331567,-9.0271492,0
C39935137_P97919859,-9.02437973,0
C13691488_P54375182,-9.02419281,0
C12420518_P18254099,-9.01651573,0
C01225941_P07276750,-9.01648426,0
C15015876_P152645026,-9.01480675,0
C04065676_P05082598,-9.01146221,0
C33399261_P156339029,-9.00868225,0
C73709608_P114801759,-9.00398064,0
C45990649_P100422895,-9.00360775,0
C10104846_P15685814,-9.00069809,0
C01425820_P57088359,-8.99936771,0
C39243081_P59458215,-8.99469185,0
C35459091_P52613005,-8.99456787,0
C16401912_P66138728,-8.99408054,0
C97568058_P154606276,-8.99202919,0
C13349178_P20502970,-8.98068047,0
C36368124_P54056152,-8.97980976,0
C38533989_P58321757,-8.97796154,0
C33297941_P49254098,-8.97766018,0
C00653384_P152622903,-8.97749901,0
C08440537_P12784069,-8.97611904,0
C20898614_P31217270,-8.97551918,0
Pyrimidine_139-2GZ7,-8.97460461,1
C12665400_P20675121,-8.97103119,0
C13368414_P20524998,-8.97027683,0
C71786832_P111247379,-8.96923733,0
C01346547_P07011383,-8.96623516,0
C64024167_P98281765,-8.96364498,0
Flavonoid_82a-2GZ7,-8.96118069,1
C43922303_P66382445,-8.95742798,0
C33037739_P48896520,-8.95675468,0
C02520207_P156224491,-8.95646572,0
C69582174_P107094162,-8.95254326,0
C02890640_P155674127,-8.95124435,0
C38700533_P58591331,-8.95102596,0
C54641085_P82235606,-8.94463444,0
C01075172_P30428693,-8.9375,0
C27528430_P40562509,-8.93706894,0
C35363853_P112426627,-8.93597031,0
C02242790_P156199141,-8.93462944,0
Pyrazolone_137a-2GZ7,-8.93396378,1
C34895601_P154404675,-8.93386364,0
Pyrazolone_135a-2GZ7,-8.93108082,1
C37264088_P55413895,-8.92783737,0
C01811159_P49381263,-8.92653465,0
C50616214_P75701800,-8.92285442,0
C09280969_P14220478,-8.91890049,0
C21367128_P31901171,-8.91876888,0
C97951524_P155525888,-8.9170332,0
C63546974_P97586342,-8.91646004,0
C02706943_P05612470,-8.91596413,0
C95537784_P150170329,-8.90879631,0
C54201449_P81545072,-8.90795326,0
C96503459_P152467970,-8.89898682,0
C00796071_P56380410,-8.89606094,0
C06314472_P52603548,-8.89543343,0
C40484970_P61457159,-8.89099979,0
C38702163_P61567324,-8.88968277,0
C59293295_P90103644,-8.88882923,0
C17090826_P49391010,-8.88303471,0
C00699518_P49313923,-8.87395191,0
C08604398_P57162769,-8.87338924,0
C34700313_P51491251,-8.87316704,0
C02520771_P38089680,-8.86875629,0
C01056907_P57562048,-8.86844635,0
C72132481_P111980693,-8.86705875,0
C70669986_P109028294,-8.86434269,0
C03254764_P12582453,-8.86278343,0
C39914253_P60560002,-8.86174488,0
C13569162_P95018344,-8.86003876,0
C72439626_P112697525,-8.85814285,0
C09560598_P14650569,-8.8577013,0
C59392538_P90324587,-8.85559177,0
C33810229_P50100039,-8.85239887,0
C20704767_P30908679,-8.852355,0
C41586330_P96681256,-8.8520937,0
C76945162_P120040206,-8.84466553,0
C51096745_P76512116,-8.8422966,0
C12848949_P90512912,-8.84041023,0
C38564764_P58372999,-8.83932495,0
C28049127_P41312428,-8.83921623,0
C33810613_P50100427,-8.83850098,0
C34807281_P153931275,-8.83394146,0
C09462096_P57762285,-8.83153439,0
C94993416_P148903874,-8.82879257,0
C13729763_P21132663,-8.82832909,0
C01867701_P49381221,-8.8280201,0
C40823273_P61977337,-8.8269701,0
C15772661_P134746062,-8.8268261,0
C04708584_P06715944,-8.82608509,0
C01855655_P08528917,-8.82516766,0
C12751053_P18745417,-8.8190527,0
C57327406_P86057719,-8.81680012,0
C12524607_P20632750,-8.80898666,0
C27570531_P40646587,-8.80724335,0
C10510310_P15916769,-8.80690193,0
C15946573_P155566141,-8.80641556,0
C04785151_P06901215,-8.8061676,0
C70699126_P109076276,-8.80309677,0
C09196556_P19795113,-8.8004694,0
C20681766_P30878147,-8.7967186,0
C33636762_P152452158,-8.79433155,0
C18198655_P27207762,-8.79226398,0
C05579087_P56652944,-8.79088879,0
C17248728_P86296214,-8.78760338,0
C02119000_P109028500,-8.78273773,0
C18210436_P94800571,-8.78007984,0
C37210652_P55330500,-8.77845573,0
C22482057_P33402936,-8.7762928,0
C00873369_P56386369,-8.77556229,0
C01051512_P09538509,-8.7744236,0
Terpene_100-2GZ7,-8.77233124,1
C08762558_P13453135,-8.77204418,0
C09776402_P134529183,-8.76986885,0
C23888409_P35447652,-8.76924324,0
C17143435_P25776635,-8.76652718,0
C33895796_P130250727,-8.76225853,0
C20990495_P31359577,-8.76164341,0
C59123569_P89683667,-8.75781536,0
C01219287_P09566933,-8.75552464,0
C23126623_P156282849,-8.75490856,0
C12932641_P86257928,-8.75424099,0
C40063054_P60801742,-8.75225067,0
C96838554_P153193944,-8.75166035,0
C50616457_P75702135,-8.74906445,0
C01622957_P08528869,-8.74894905,0
C40823205_P61977233,-8.74041462,0
C20794225_P31023278,-8.73889637,0
C22742854_P57766509,-8.73858261,0
C97618015_P154728683,-8.73848438,0
C21663233_P32278856,-8.73657227,0
C20557019_P30655196,-8.73632717,0
C02265793_P85706628,-8.73491859,0
C70706709_P109091943,-8.73288059,0
C63637742_P97720340,-8.72707748,0
C21175348_P31642218,-8.72694683,0
C41004396_P62236329,-8.72200012,0
C08934215_P13716624,-8.72019672,0
C20548180_P30646019,-8.71928787,0
C17098071_P57702111,-8.71519661,0
C01111452_P83642139,-8.70821381,0
C46022683_P99443102,-8.7039814,0
Misc_183-2GZ7,-8.6997242,1
C17778361_P155555344,-8.69706154,0
C12848269_P18875474,-8.69496059,0
C28291653_P41650483,-8.69163704,0
C59678088_P90920707,-8.68727589,0
C36021932_P151602604,-8.68605423,0
C08791572_P13501777,-8.68338108,0
C06776274_P10695140,-8.67954922,0
C59416346_P90388876,-8.67832279,0
C41006259_P62238200,-8.67482853,0
C20176004_P111170988,-8.67093277,0
C40680808_P61748264,-8.66885376,0
C38728758_P58640180,-8.66832542,0
C34757890_P51593504,-8.6673193,0
C27992288_P41238949,-8.66495419,0
C25782449_P38089530,-8.6627903,0
C40281252_P61145310,-8.66243362,0
C15958429_P152322803,-8.66084385,0
C13129034_P19571499,-8.65886402,0
C02120092_P56468632,-8.65714455,0
C20694095_P30893858,-8.65586948,0
C20940701_P31262322,-8.65554523,0
C05224118_P07725361,-8.6546402,0
C37426996_P55643163,-8.65080833,0
C33290938_P49238173,-8.65025902,0
C01126390_P82784453,-8.64970779,0
C01901813_P09116450,-8.64670277,0
C50616807_P75702648,-8.64578056,0
C39206481_P59402050,-8.64506817,0
C18198894_P27208003,-8.64502716,0
C02266459_P155520068,-8.64478683,0
C17307002_P25978687,-8.64389324,0
C77392252_P120750013,-8.64138222,0
C34813805_P51663334,-8.63821793,0
C39897430_P60527183,-8.63778782,0
C08836174_P75486806,-8.63708878,0
C08594181_P13113881,-8.63374996,0
C16036505_P54315898,-8.63269424,0
Pyrazolone_136b-2GZ7,-8.63141727,1
C33358558_P155654421,-8.62937832,0
C16361696_P24748709,-8.62924099,0
C97939849_P155478995,-8.62893295,0
C06137006_P12821628,-8.62829971,0
C48288650_P72244626,-8.62622738,0
C25144972_P37186541,-8.6231184,0
C00707942_P05205992,-8.6181221,0
C10076149_P15372745,-8.61771584,0
C12361981_P18162911,-8.61717129,0
C36395453_P54110409,-8.61672974,0
C05342257_P97992390,-8.613904,0
C09601239_P14710647,-8.61367416,0
C39364939_P59654195,-8.60776806,0
C47137355_P70699764,-8.60748959,0
C33115402_P48998690,-8.60717773,0
C58847758_P89090259,-8.60598755,0
C58848127_P89092950,-8.60537434,0
C01040109_P09485309,-8.60337067,0
C59089197_P89600898,-8.6004467,0
C00647566_P12801010,-8.6003809,0
C12446976_P152332841,-8.59925556,0
C22569465_P90613798,-8.59740925,0
C19691855_P29210158,-8.59695435,0
C59513107_P90594195,-8.59605408,0
C20885802_P31186063,-8.59424019,0
C33568631_P49729953,-8.59173965,0
C14358789_P21996621,-8.58881569,0
C24261587_P35991619,-8.58602715,0
C73340126_P114156379,-8.58506489,0
C15958910_P112426837,-8.58428383,0
C04147402_P75209676,-8.58392239,0
C01860471_P09114031,-8.58133888,0
C34759157_P51593775,-8.57953548,0
C72472249_P112748588,-8.5775938,0
C77979482_P121668886,-8.57734966,0
C58925176_P89203467,-8.57692623,0
C12845566_P57562173,-8.5759325,0
C39141062_P59294827,-8.57373047,0
C63546831_P97586020,-8.57042789,0
C16335464_P111345751,-8.5699234,0
C71861618_P111476599,-8.56658077,0
C02184786_P09225002,-8.56415558,0
C06137006_P12821626,-8.56410027,0
C02178381_P06001611,-8.56392097,0
Flavonoid_90a-2GZ7,-8.56348705,1
C58789418_P88981507,-8.56027794,0
C02544337_P05787222,-8.5602293,0
C09685484_P14997821,-8.56002808,0
C00720090_P14336971,-8.55892563,0
C37604510_P55919686,-8.55736637,0
C12560305_P18461968,-8.55730629,0
C50616944_P75702864,-8.5561676,0
C12464401_P49300317,-8.55470753,0
C41586569_P96684383,-8.55403328,0
C21796100_P32442161,-8.55167675,0
Pyrimidine_110-2GZ7,-8.54941177,1
C27519278_P40542878,-8.54507446,0
C00688395_P56372753,-8.54434586,0
C04148324_P10225313,-8.53906822,0
C34676914_P151787254,-8.53863811,0
C09045377_P13883613,-8.53839874,0
C06901585_P19442805,-8.53667164,0
C70706006_P109090923,-8.53491211,0
C08432762_P12763761,-8.53453159,0
C13881895_P30239120,-8.53233147,0
C97939483_P155470894,-8.53191948,0
C20899471_P31207914,-8.53028774,0
C64814524_P151914314,-8.52987194,0
C08430229_P12758107,-8.52746677,0
C22027256_P32829924,-8.52745914,0
C85907388_P134504327,-8.52678967,0
C78654460_P122734636,-8.5209341,0
C01077475_P155477657,-8.52014542,0
C01446108_P06505339,-8.51755619,0
C83309699_P130251938,-8.51737404,0
C33932201_P53894774,-8.51542282,0
C08443915_P12797829,-8.51427364,0
C22742850_P57766514,-8.51365471,0
C39440214_P59776254,-8.51189995,0
C08926195_P13700892,-8.51025391,0
C33282558_P49220008,-8.50798607,0
C01079452_P06367910,-8.50704956,0
C20764553_P30994929,-8.50541782,0
C58847811_P89090341,-8.50383377,0
C19808967_P29414750,-8.5022316,0
C97939847_P155478991,-8.5007,0
C05214439_P09658230,-8.49843311,0
C15306190_P23203494,-8.49797058,0
C95483378_P151928556,-8.49440861,0
C41394247_P62772992,-8.49083805,0
C02807172_P59610313,-8.48768044,0
C20501863_P155483386,-8.48654556,0
C63646703_P97732508,-8.48651886,0
C04698469_P06688294,-8.48559093,0
C09601534_P23167920,-8.48445129,0
C36366314_P54051838,-8.48026562,0
C65272198_P152119972,-8.47995567,0
C39425584_P59752781,-8.47874355,0
C98216219_P156199551,-8.47513771,0
C02341118_P09354482,-8.47165585,0
C13551331_P85664553,-8.47084618,0
C39543707_P99282064,-8.46706295,0
C33471303_P152816269,-8.4667511,0
C06919532_P10900292,-8.46182537,0
C08451976_P12835246,-8.45806122,0
C70700408_P109078021,-8.45795822,0
C04664927_P06560007,-8.45726681,0
C41006237_P62238178,-8.45629215,0
C39041027_P59152958,-8.4561491,0
C54202149_P81544253,-8.45602226,0
C20570238_P30684402,-8.45496559,0
C02050271_P06012970,-8.45312023,0
C04745467_P06806422,-8.45195103,0
C04417563_P05942523,-8.45169353,0
C35685488_P52970429,-8.45081139,0
C59335598_P90197594,-8.4439497,0
C04236762_P05521155,-8.44373798,0
C95498035_P150081860,-8.4429636,0
C36556607_P54334493,-8.44290543,0
C35685488_P52970430,-8.44202042,0
C25191075_P37241722,-8.44183636,0
C25449671_P37643513,-8.43696976,0
C25720223_P37992891,-8.43615723,0
Misc_182-2GZ7,-8.43395329,1
C02789957_P21478350,-8.43383598,0
C04011352_P04951329,-8.43230534,0
C50479275_P75486401,-8.43051815,0
C41076425_P62347955,-8.43018723,0
C40657606_P61719885,-8.42985821,0
C40281300_P61145358,-8.42985439,0
C72312587_P112387560,-8.42596912,0
C59146499_P89748497,-8.42357826,0
C98007146_P155668963,-8.42269897,0
C37603167_P55918192,-8.41850281,0
C58849409_P89079193,-8.4171629,0
C33170517_P49067573,-8.41550827,0
C17136159_P29457350,-8.415452,0
C58014204_P87386634,-8.41457939,0
C01467964_P49330233,-8.41365337,0
C33170589_P49088829,-8.41112232,0
C96242465_P151680167,-8.40911293,0
C36806837_P54703373,-8.40492821,0
C06600610_P10400315,-8.40441132,0
C39440607_P59776756,-8.4041729,0
C64813921_P151912083,-8.40398121,0
C09776403_P134529186,-8.40107727,0
Pyrimidine_140a-2GZ7,-8.40034103,1
C65129467_P100076978,-8.39927578,0
C55651920_P83822660,-8.39814854,0
C46027370_P87631483,-8.3964119,0
C71890516_P131118472,-8.3962698,0
C08395923_P74126888,-8.39516163,0
C64580438_P99168502,-8.39357567,0
C50631277_P75722764,-8.39129448,0
C14459498_P22114893,-8.39108276,0
C59335689_P90197748,-8.39105034,0
C24605360_P36448291,-8.38990211,0
C13263804_P20113509,-8.38860989,0
C39866030_P60488992,-8.38604164,0
C20107031_P29918850,-8.38550663,0
C35807309_P53153432,-8.38490486,0
C33881757_P54146052,-8.38407135,0
C11867181_P17547617,-8.3837471,0
C15775041_P104004025,-8.38372231,0
C71752912_P111156443,-8.38216496,0
Triazole_104-2GZ7,-8.38199043,1
C09174141_P15031899,-8.3795023,0
C33359423_P49382574,-8.37640381,0
C25425505_P37576997,-8.37536526,0
C09641137_P14772324,-8.37433243,0
C08683461_P57115921,-8.37430668,0
C25164874_P37210534,-8.37207508,0
C01075012_P09546826,-8.3716135,0
C21233193_P31689349,-8.37147045,0
C46707110_P70144157,-8.37132454,0
C12604612_P95676448,-8.37103844,0
C10964402_P156271807,-8.37060928,0
C19535919_P28930526,-8.36998653,0
C01283839_P57764893,-8.36806679,0
C39897320_P60527073,-8.3660574,0
C36614388_P54416709,-8.36209679,0
C62833713_P96423318,-8.3606348,0
C36611904_P54413714,-8.35538292,0
C24967292_P60667151,-8.35337734,0
C33276513_P49211227,-8.35216522,0
C97966246_P155572318,-8.35083294,0
C63209438_P97072189,-8.34683418,0
C15841936_P23881840,-8.34681129,0
C05330100_P09758152,-8.3458271,0
C39897043_P60526796,-8.34471321,0
C05562688_P08276275,-8.34272003,0
C37522699_P152423791,-8.34131622,0
C46009195_P100424341,-8.33903885,0
C56912683_P85458653,-8.33900642,0
C89668954_P140177239,-8.33774185,0
C35706449_P52999872,-8.33650684,0
C09457925_P14487248,-8.33642673,0
C10767742_P16226434,-8.33633995,0
C06077071_P112460114,-8.33393574,0
C21337273_P31856894,-8.33198547,0
C49060387_P73285944,-8.33162022,0
C24104734_P35761408,-8.33142757,0
C02733865_P21481182,-8.33041191,0
C01297118_P56415889,-8.33016682,0
C19973898_P29784891,-8.33012962,0
C13682163_P21054234,-8.32836628,0
C71748498_P111135656,-8.32695007,0
C83264375_P130150201,-8.32608891,0
C24758550_P36720932,-8.32375813,0
C97424378_P154313259,-8.32317352,0
C55142255_P83062322,-8.32140541,0
C08443016_P12795219,-8.32116318,0
C12380236_P56693880,-8.32068253,0
C12348488_P97718540,-8.32004261,0
C22933577_P90816051,-8.31898022,0
C06692324_P81824574,-8.31684971,0
C49581369_P74051094,-8.31561279,0
C50629920_P75720702,-8.31532001,0
C02465903_P06315394,-8.31302929,0
C15894541_P155575642,-8.3119812,0
C09635752_P14764430,-8.31015587,0
C18199037_P27208150,-8.30996799,0
C20066315_P74105215,-8.309659,0
C01070732_P47359771,-8.30763054,0
C98008439_P155671328,-8.30397701,0
Isatin_79-2GZ7,-8.30173302,1
C00739026_P155685888,-8.30108929,0
C40340557_P61237302,-8.30108643,0
C13642579_P21002581,-8.30011749,0
C09127710_P14005104,-8.3000164,0
Isatin_78-2GZ7,-8.29996777,1
C22023102_P32775078,-8.2976141,0
C04112718_P05198686,-8.29709148,0
C19865940_P29525696,-8.29622841,0
C94264582_P147733263,-8.29592228,0
C94263980_P147738400,-8.29545593,0
Isatin_81-2GZ7,-8.2936554,1
C59489548_P90542689,-8.2935133,0
C04171639_P49251242,-8.29320431,0
C08744064_P97484563,-8.29112148,0
C06407796_P29397377,-8.29029751,0
C19564068_P28960184,-8.29021358,0
C13607678_P92112912,-8.28986645,0
C15731576_P23726531,-8.28954411,0
C36664994_P58323719,-8.28771496,0
C39336869_P97665216,-8.28599262,0
C71813303_P111358371,-8.28517532,0
C30681806_P45147531,-8.28512192,0
C58104827_P87581314,-8.28295612,0
C09497314_P30045613,-8.28111935,0
C01808394_P155383903,-8.27656174,0
C95360578_P149777849,-8.27577591,0
C02869372_P90795380,-8.27547264,0
C08743467_P57093939,-8.27415466,0
C13510203_P20803017,-8.27359486,0
C12437917_P33526892,-8.27100849,0
C13748989_P21163956,-8.27069664,0
C01080096_P06322873,-8.26951218,0
C09531332_P128168523,-8.2679739,0
C65241204_P100249678,-8.26475239,0
C05544564_P19938803,-8.26331806,0
C98045798_P155775537,-8.26296997,0
C96367425_P152057297,-8.26026917,0
C71752913_P111156444,-8.25764942,0
C65396977_P100542028,-8.25717831,0
C00971486_P05891685,-8.25224304,0
C01783264_P09111547,-8.25092316,0
C01756942_P06068355,-8.24966526,0
C90152090_P140908835,-8.24838924,0
C20233787_P30139193,-8.24807739,0
C09500356_P57672053,-8.24401283,0
C06023533_P49339041,-8.24301338,0
C98125357_P155985996,-8.24195671,0
C95541799_P155313391,-8.24190617,0
C05669961_P08457588,-8.23932552,0
C02787483_P10279858,-8.23843479,0
C02344096_P17545422,-8.23558617,0
C96319618_P151907923,-8.23511124,0
C11264758_P16982592,-8.23339367,0
C72445593_P112710342,-8.23012161,0
C13550531_P59665703,-8.22445965,0
C98006932_P155668641,-8.2227726,0
C04788349_P20196164,-8.22146797,0
C10013475_P15288071,-8.22110653,0
C98209759_P156179461,-8.21943951,0
C90655275_P141789155,-8.21886444,0
C70205233_P108217190,-8.21667957,0
C20218098_P30105722,-8.21553707,0
C00778300_P09192392,-8.21434784,0
C08452016_P12835322,-8.21394634,0
C78695578_P122803767,-8.21338272,0
Sulfone_103-2GZ7,-8.2125597,1
C91690905_P143536609,-8.21116066,0
C04807944_P130309983,-8.2064743,0
C09546631_P83018311,-8.20359421,0
C04578912_P06274482,-8.20358562,0
C00711451_P97015018,-8.20268726,0
C41586570_P96684385,-8.20008373,0
C09275637_P25806011,-8.19997597,0
C43460637_P65724328,-8.19415379,0
C68601733_P105280508,-8.19372559,0
C33424045_P49501924,-8.19365692,0
C17098069_P57736046,-8.18760777,0
C09308455_P19804844,-8.1867075,0
C01079526_P06314034,-8.18591213,0
C65440951_P100628095,-8.18566895,0
C88240946_P137996015,-8.18345165,0
C57990496_P87298588,-8.1833744,0
C88201066_P137929115,-8.18153095,0
C19839293_P29481667,-8.18061924,0
C98211640_P156183665,-8.17956161,0
C20290968_P90634160,-8.17641926,0
C71850542_P111451509,-8.17633629,0
C20706179_P30910690,-8.17606163,0
C83313286_P130258071,-8.17556095,0
C03133860_P05146128,-8.17458725,0
C16688231_P151197192,-8.17337322,0
C36556891_P54334854,-8.17321491,0
C01433162_P09941634,-8.17205143,0
C64787873_P99579213,-8.16900826,0
C65999725_P101545575,-8.16825199,0
C13345866_P20499661,-8.16723251,0
C33676332_P151099795,-8.16700649,0
C96099882_P151368561,-8.16610432,0
C33247756_P49169015,-8.16571522,0
C96037925_P151256776,-8.16495991,0
C14972437_P59874900,-8.16494179,0
C46797235_P88904569,-8.16371632,0
C65315345_P100390084,-8.1622591,0
C43736481_P66107841,-8.16162968,0
C20604250_P30738306,-8.15989017,0
C15972636_P92126667,-8.15939999,0
C02909572_P30951773,-8.15898323,0
C15054228_P82250530,-8.15843296,0
C97955853_P155542817,-8.15731525,0
C13205452_P19879814,-8.15604687,0
C13566146_P20893792,-8.15489483,0
C02520418_P05617066,-8.15123558,0
C28891458_P42482566,-8.15016747,0
C12389805_P18206140,-8.15005016,0
C63458004_P97444064,-8.14569569,0
C21005585_P91133245,-8.14314461,0
C41585770_P96674232,-8.14171219,0
C02726954_P29473601,-8.14100933,0
C39933806_P152598536,-8.1406908,0
C12236542_P17985098,-8.1387682,0
C85664798_P134111011,-8.1379776,0
C96491655_P152431268,-8.13733578,0
Thiophene_108-2GZ7,-8.13733101,1
C01084833_P08346789,-8.13602734,0
C32905087_P48707835,-8.13371563,0
C13643251_P21003451,-8.13332844,0
C78188223_P121941069,-8.13130569,0
C36888292_P54832916,-8.1308794,0
C02138015_P12795027,-8.12804794,0
C33169541_P49066597,-8.1276722,0
C22672709_P33656931,-8.12649155,0
C94264814_P147733495,-8.12489891,0
C43736483_P66107843,-8.12187386,0
C68601727_P149111101,-8.12095833,0
C02531946_P156198826,-8.12074852,0
C36370418_P54061203,-8.11741638,0
C93325198_P146113319,-8.11628914,0
C39702719_P60185832,-8.11485863,0
C05026101_P07390326,-8.11429691,0
C08272152_P12517176,-8.11285686,0
C50616187_P75701769,-8.11126804,0
C13075161_P29337789,-8.1080122,0
C32927090_P48743374,-8.10580635,0
C09659486_P74773911,-8.10475063,0
C33561839_P151061361,-8.10149193,0
C06101517_P154396994,-8.10097218,0
C39853670_P60474530,-8.10074329,0
C04922726_P07382874,-8.10046768,0
C94264476_P147733156,-8.09960938,0
C03090106_P152676485,-8.0959549,0
C39489931_P59861441,-8.09298325,0
C04362001_P05800995,-8.09204674,0
C14151852_P89671973,-8.08742523,0
C96956602_P153452989,-8.0869894,0
C13144370_P56501023,-8.08608913,0
C06485592_P19366544,-8.08477688,0
C08973034_P112614762,-8.08466816,0
C38596192_P58421628,-8.08235836,0
C24044436_P35660324,-8.08213711,0
C15882144_P23977307,-8.08177948,0
C15882144_P23979733,-8.08177948,0
C59946963_P91440631,-8.0813446,0
C06728258_P10630661,-8.08035946,0
C20153518_P30018115,-8.07949352,0
C16936195_P25497093,-8.07940006,0
C17076120_P74941480,-8.07921791,0
C05814729_P91455363,-8.07904053,0
C01764310_P12760984,-8.07684612,0
C25577538_P37805880,-8.07524204,0
C98268302_P156307442,-8.07369709,0
C05209124_P19972468,-8.07328606,0
C13218421_P19935503,-8.07246017,0
C10687065_P16130523,-8.07232857,0
C06751403_P13676440,-8.06637573,0
C12208082_P17954766,-8.06626797,0
C14665065_P22390046,-8.06606388,0
C09281681_P155888803,-8.06266785,0
C02261940_P19767137,-8.06069374,0
C33277365_P49212494,-8.06046486,0
C13129804_P131668619,-8.05919456,0
C02198487_P57363897,-8.0576458,0
C22852612_P33945710,-8.05622101,0
C00673636_P29456688,-8.05436611,0
C33306607_P49260969,-8.05157948,0
C39911592_P60558463,-8.05129433,0
C95936892_P151064381,-8.04822636,0
Isatin_77-2GZ7,-8.04790497,1
C22847566_P89819307,-8.04679775,0
C33747897_P152269713,-8.04666901,0
C72404214_P112620152,-8.04602146,0
C03206291_P08347675,-8.04547787,0
C21176393_P31611808,-8.04273987,0
C33369895_P49410944,-8.04238319,0
C05275841_P07801932,-8.04171371,0
Thiophene_106-2GZ7,-8.04116821,1
C01721959_P09076740,-8.04116344,0
C20132524_P29957596,-8.03843117,0
C16031736_P24220338,-8.03700256,0
C02917675_P83511514,-8.03194427,0
C92831035_P145338107,-8.03192806,0
C65002235_P99884520,-8.03043175,0
C20885370_P31176699,-8.03039169,0
C40682442_P61750864,-8.02841473,0
C52065307_P77949147,-8.02746296,0
C40803414_P61945992,-8.02715206,0
C19170000_P155528591,-8.02246761,0
C01139845_P09507221,-8.02172279,0
C10156660_P15471405,-8.02151775,0
C01016500_P56393845,-8.01982307,0
C35532160_P57864331,-8.01978207,0
C01169742_P09497630,-8.01759911,0
C01050138_P07394613,-8.01695156,0
C12559766_P86294508,-8.01639462,0
C64947292_P151934069,-8.01572132,0
C09426328_P14443718,-8.01495838,0
C71575210_P110775975,-8.01494312,0
C33256446_P49182462,-8.01444721,0
C82106688_P128136033,-8.01055241,0
C14608040_P22321628,-8.01014233,0
C37522457_P152423657,-8.00979328,0
C72337095_P112447372,-8.0089159,0
C00222978_P87586768,-8.00770664,0
C96767603_P152981919,-8.0066433,0
C88763007_P138849097,-8.0054121,0
C96396693_P152106511,-8.00269032,0
C08430242_P12758147,-8.00152683,0
C21894284_P32583972,-8.00053215,0
C13584555_P20919792,-8.00014019,0
C03025112_P09694994,-7.99924707,0
C71770428_P111212889,-7.99893522,0
C08821137_P81481144,-7.99820471,0
C13563063_P75254403,-7.9966917,0
3V3M_lig-2GZ7,-7.99406815,1
C21464093_P32021562,-7.99374485,0
C00781560_P09346809,-7.99366188,0
C40174814_P60971747,-7.99333096,0
C39771510_P60308629,-7.9927578,0
C03263044_P09531458,-7.99198341,0
C41584661_P96682993,-7.99045181,0
C54541642_P82070941,-7.9900589,0
C02368744_P09308820,-7.98875666,0
C72362908_P112515016,-7.98811054,0
C36347617_P151640551,-7.98750639,0
C21239921_P31700460,-7.98690033,0
C21258835_P31729320,-7.98681736,0
C01228570_P23780728,-7.98609447,0
C04088363_P07433040,-7.98604584,0
C08843161_P153393768,-7.98497486,0
C24925978_P36879831,-7.98455572,0
C12323780_P18207279,-7.98382521,0
C22610698_P33579308,-7.98326778,0
Terpene_99-2GZ7,-7.98227692,1
C39897404_P60527157,-7.98070288,0
C96476259_P152359996,-7.98023224,0
C96766198_P152977474,-7.97840452,0
C12497194_P18366010,-7.97639561,0
C95981405_P151157637,-7.97577095,0
C12274032_P18033909,-7.97542095,0
C05060472_P83032413,-7.97533083,0
C71848135_P111449716,-7.97518396,0
C04248415_P10193169,-7.97463942,0
C76457415_P119256248,-7.97458315,0
C35557215_P151949011,-7.9728055,0
C13110723_P31076764,-7.97234344,0
C21243554_P31706032,-7.96989965,0
C57748355_P86828434,-7.96900463,0
C94354779_P147882351,-7.96863174,0
C96912376_P153379458,-7.9681735,0
C09357906_P112470181,-7.96661377,0
C78545136_P122556802,-7.96552706,0
C23640111_P35064196,-7.9643569,0
C17091195_P52382879,-7.96368885,0
C45995342_P100423624,-7.96350241,0
C72171441_P112087372,-7.96335983,0
C15671992_P23651489,-7.96173191,0
C68738231_P105513630,-7.96143532,0
C02951396_P30765194,-7.96127367,0
C40827555_P61986924,-7.96112108,0
C24220207_P35926950,-7.95998001,0
C98334575_P156401307,-7.95943451,0
C28682246_P154630697,-7.95910931,0
C08755665_P13439158,-7.95656681,0
C34700288_P51491226,-7.95502281,0
C32111879_P47338969,-7.95486927,0
C39708781_P60199689,-7.95172644,0
C39404445_P59719418,-7.95132685,0
C04017395_P04964887,-7.94990301,0
C29817084_P45871640,-7.94987011,0
C59566924_P90713243,-7.94880009,0
C15279060_P23171695,-7.94730282,0
C01423019_P79955354,-7.94681072,0
C59459424_P90483068,-7.9467721,0
C59165076_P89785928,-7.94270992,0
C41108753_P62385492,-7.94265985,0
C97490977_P154426869,-7.94150829,0
C39896574_P60525113,-7.93904972,0
C95350691_P149759364,-7.93870783,0
C22569389_P33521769,-7.93832541,0
C23312447_P34601489,-7.93711662,0
C05065052_P07471155,-7.93631935,0
C08895360_P152702402,-7.93417549,0
C40709459_P61793622,-7.93358707,0
C01434713_P155477913,-7.93106461,0
C13360157_P20515553,-7.92998552,0
C20605684_P30743783,-7.92842865,0
C71179743_P109892224,-7.92630911,0
C36630111_P54439861,-7.92200375,0
C97994288_P155639533,-7.92117167,0
C35453169_P52604431,-7.92105818,0
C13608472_P92117550,-7.92045736,0
C21893429_P32582816,-7.92026997,0
C35817024_P151778536,-7.91797686,0
C22013535_P32753590,-7.91146231,0
C01132695_P30141198,-7.91137886,0
C96101968_P151377956,-7.91050339,0
C94543838_P148199975,-7.9092679,0
C23847070_P35361626,-7.90816307,0
C15792164_P105927952,-7.90633678,0
C40782369_P61912627,-7.90601587,0
C20326304_P30275325,-7.90530872,0
C27520481_P40552175,-7.90459442,0
C06931795_P126231614,-7.90429306,0
C04945460_P59996406,-7.90358305,0
C01411878_P89741632,-7.90216208,0
C20940696_P31262316,-7.90174389,0
C09434318_P17523621,-7.90091038,0
C09095236_P13951836,-7.90015364,0
C09327472_P128266366,-7.89985704,0
C16672236_P29267532,-7.89923382,0
C04885469_P07116125,-7.89750147,0
C01435026_P155658608,-7.89688873,0
C64844419_P151918806,-7.89647245,0
C02573681_P14935570,-7.89517641,0
C36639737_P61044081,-7.89340925,0
C17858953_P112012259,-7.89269161,0
C13129805_P19572403,-7.8892355,0
C40372218_P61287136,-7.88908911,0
C37425652_P55639746,-7.88580418,0
C04788556_P06906937,-7.88566065,0
C59433541_P90427558,-7.88410711,0
C91354697_P142938356,-7.88320541,0
Pyridine_132-2GZ7,-7.88297319,1
C08306704_P155822008,-7.88272619,0
C96244146_P151674322,-7.88231897,0
C24983956_P111116252,-7.88051271,0
C65261148_P151885963,-7.87965202,0
C19804632_P29408003,-7.87654018,0
C41513255_P96622927,-7.87588024,0
C09635755_P20558159,-7.87514639,0
C21107785_P31501158,-7.87499619,0
C95395442_P149850409,-7.87488079,0
C71835679_P111417690,-7.87316799,0
C58358251_P88110959,-7.87263823,0
C09508504_P14569552,-7.87153101,0
C15729140_P155480592,-7.8710928,0
C17173006_P25814766,-7.8710928,0
C15942528_P127960890,-7.86841345,0
C12524705_P20632837,-7.86632204,0
C16936181_P25497079,-7.8660264,0
C65239381_P152110399,-7.86546183,0
C79005013_P123321291,-7.86504316,0
C41117818_P62395378,-7.86358833,0
C40805375_P61956591,-7.86247778,0
C01184408_P29528377,-7.86218262,0
C07708640_P11844421,-7.85919905,0
C94263785_P147740653,-7.85885906,0
C21505476_P32069824,-7.85852194,0
C03984903_P30421335,-7.85702896,0
C31858934_P57666420,-7.85677147,0
C02674443_P76864208,-7.85645056,0
C97986399_P155619269,-7.85417938,0
C13940858_P21446666,-7.85175419,0
C04287534_P156202388,-7.84795332,0
C09140632_P14077354,-7.84665632,0
C15730772_P23732725,-7.842875,0
C96940954_P153426456,-7.83985996,0
C00078728_P06152459,-7.83854723,0
C96476797_P152360426,-7.83846188,0
C70669937_P109028157,-7.83745575,0
C70666829_P154716265,-7.83726788,0
C34764509_P133664619,-7.83703995,0
C59533885_P90658358,-7.83662653,0
C19857535_P53658272,-7.83637238,0
C02237892_P19765599,-7.83400536,0
C59253586_P131422112,-7.83336496,0
C96569416_P152609217,-7.83267307,0
C12627813_P18778209,-7.83250189,0
C40983307_P62204632,-7.8320179,0
C04748284_P06814616,-7.83149719,0
C08614050_P57144901,-7.83107424,0
C08514719_P61362185,-7.82964802,0
C21835600_P32514353,-7.82949114,0
C00710925_P152621913,-7.82819653,0
C25249538_P37332696,-7.82749128,0
C41586557_P96681706,-7.82708502,0
C02938321_P09910764,-7.825212,0
C64987895_P99851338,-7.8244071,0
C37605216_P55931074,-7.82404566,0
C02923024_P113930765,-7.82087135,0
C78719871_P122842131,-7.81846857,0
C05499823_P90589730,-7.81737804,0
C90685125_P141840038,-7.81562901,0
C71288093_P110198232,-7.81516027,0
C04722729_P06756457,-7.81345606,0
C26512253_P39109906,-7.81113911,0
C58423377_P88246085,-7.81061649,0
C43737230_P66108618,-7.81001234,0
C77979464_P121668863,-7.80920887,0
C00707942_P05205994,-7.80898905,0
C36245414_P53852129,-7.80853415,0
C72449634_P112715865,-7.80683947,0
C38876044_P95055906,-7.80533123,0
C06190707_P09585832,-7.80516005,0
C33672653_P49888875,-7.8021059,0
C94263907_P147738372,-7.8018651,0
C16449168_P24855582,-7.79942322,0
C72440065_P112707540,-7.79938507,0
C04196421_P05437652,-7.79725981,0
C43727043_P66090914,-7.79721403,0
C70353453_P108457526,-7.79713869,0
C00863533_P29552676,-7.79709768,0
C01123382_P07471595,-7.79672861,0
C94606658_P148293874,-7.79514313,0
C08600961_P57173387,-7.79115009,0
C89175054_P139464650,-7.7911191,0
C56227496_P154951505,-7.788414,0
C64844446_P151918830,-7.78832912,0
C91892915_P143859149,-7.78713465,0
C97573246_P154637554,-7.78657341,0
C63526240_P97551159,-7.7856884,0
C71838317_P111424540,-7.7855773,0
C39870181_P60493469,-7.78281641,0
C02282136_P155267462,-7.7816081,0
C03211605_P08349507,-7.78125715,0
C41006802_P62238743,-7.78089285,0
C96792147_P153031045,-7.77969456,0
C94353431_P147881003,-7.77862597,0
C04667612_P133635752,-7.77857161,0
C88802248_P138913160,-7.77842045,0
C96586026_P152645306,-7.7774725,0
C55568636_P83701936,-7.77689886,0
C15009981_P154379009,-7.77414417,0
C28216973_P89214177,-7.77411556,0
C37264073_P55413880,-7.77342844,0
C32577604_P48215805,-7.77282286,0
C35381078_P52511823,-7.77271557,0
C06762749_P155640653,-7.77169132,0
C38536208_P58324842,-7.77160597,0
C40866598_P62040579,-7.76530361,0
C25512952_P37748808,-7.7637496,0
C59536751_P90656563,-7.76296234,0
C22106812_P32883993,-7.76287603,0
C08163707_P19716393,-7.7597723,0
C69489598_P106890686,-7.75871849,0
C40398288_P61323588,-7.75785971,0
C00755501_P79823399,-7.7564044,0
C05445777_P08064990,-7.75617838,0
C15869522_P23952328,-7.75562859,0
C59461191_P90484290,-7.75194693,0
C59566943_P90713267,-7.75084114,0
C02235597_P155487407,-7.74883032,0
C42860072_P64789225,-7.74774075,0
C09187256_P14150985,-7.74682522,0
C97637125_P154785202,-7.74558592,0
C20175535_P30041614,-7.74460745,0
C97215041_P153931611,-7.74410534,0
C04115410_P128004589,-7.74271059,0
C20532198_P30615900,-7.74169016,0
C64844415_P151918805,-7.74034595,0
C02886998_P05757578,-7.73834753,0
C06775897_P10694750,-7.73653984,0
C12029696_P17735919,-7.73304796,0
C94542444_P148198574,-7.73269653,0
C07444105_P11527373,-7.73019028,0
C23304659_P34586936,-7.72995472,0
C12563664_P48410975,-7.72982168,0
C00800909_P06263117,-7.72927761,0
C05952186_P08917169,-7.72855902,0
C20696981_P30897895,-7.72840166,0
C97167214_P153846225,-7.72728348,0
C00863457_P29394205,-7.72622442,0
C92130592_P144254485,-7.725811,0
C28017996_P41261987,-7.72560835,0
C96165023_P151493307,-7.72553396,0
C06550525_P10321137,-7.72496986,0
C48771257_P72880133,-7.72324944,0
C64795273_P151909759,-7.72289753,0
C08437608_P12775189,-7.72268391,0
C71755388_P111172799,-7.71723652,0
C23573173_P34975528,-7.71311045,0
C37407566_P55617830,-7.71227217,0
C06893862_P10865772,-7.71071672,0
C32565766_P60224659,-7.70688105,0
C59733515_P91035089,-7.7062993,0
C95029493_P148970934,-7.70586586,0
C15800395_P23815216,-7.70576763,0
C58919321_P89192053,-7.70443344,0
C78467507_P122410298,-7.70194483,0
C20942731_P31265592,-7.7002182,0
C63781093_P97935433,-7.69932938,0
C63426903_P97400353,-7.69847441,0
C40710865_P61799097,-7.69827032,0
C96507786_P152489481,-7.69806719,0
C21962889_P32687979,-7.69776964,0
C01035046_P09472255,-7.69742775,0
C16801106_P60815246,-7.69709682,0
C04580021_P06276653,-7.69682217,0
C94606650_P148293866,-7.69447041,0
C05211878_P07704817,-7.69383717,0
C26330316_P38824168,-7.6937418,0
C79880211_P124798716,-7.6934967,0
C70703127_P109101005,-7.69261122,0
C96476163_P152359897,-7.69139194,0
C38771702_P58709455,-7.69077349,0
C02529679_P156197582,-7.68914604,0
C00628302_P06533175,-7.68904257,0
C59224391_P153204226,-7.68802357,0
C09768644_P14946433,-7.68778419,0
C80672811_P125940577,-7.68602324,0
C08384888_P74975222,-7.68524265,0
C72302210_P112369953,-7.68517923,0
C60098392_P91746849,-7.68490982,0
C19732490_P29267322,-7.68418932,0
C77458621_P120864303,-7.68382835,0
C13264824_P20114530,-7.68244171,0
C65021113_P99912245,-7.68165731,0
Isatin_80-2GZ7,-7.68103027,1
C19642667_P29101107,-7.68014717,0
C15015488_P128095649,-7.68004704,0
C20618024_P30761295,-7.67964029,0
Isatin_75-2GZ7,-7.67940903,1
C98259816_P156299668,-7.67913914,0
C36371944_P54063256,-7.67811918,0
C80508089_P125703957,-7.67778254,0
C20698339_P30899878,-7.67767954,0
C12555609_P19096166,-7.67756081,0
C03482296_P09928227,-7.67662334,0
C95474612_P149975383,-7.67586231,0
C83313763_P130276011,-7.67547941,0
C64143514_P98455709,-7.67489147,0
C07258422_P19610883,-7.67311859,0
C04578911_P06274481,-7.67053795,0
C09694699_P26964688,-7.66916656,0
C04155221_P56821438,-7.66766882,0
C62810647_P96384831,-7.66645956,0
C96341490_P152007069,-7.66576338,0
C21524202_P32144926,-7.66545963,0
C23723864_P88617265,-7.66394186,0
C09686740_P14998433,-7.66228485,0
C01076245_P06279793,-7.66200018,0
Imidazole_134-2GZ7,-7.66142273,1
C17099632_P25713830,-7.65853405,0
C95958551_P151121503,-7.65671873,0
C06845525_P10794638,-7.65217304,0
C86581756_P135534737,-7.65155411,0
C17077236_P90594298,-7.65070486,0
C84471241_P153158881,-7.64916277,0
C50309804_P75247233,-7.64890862,0
C14671680_P30476251,-7.64827108,0
C76041149_P118569740,-7.64738607,0
C33306451_P49268959,-7.64570618,0
C96317759_P151900832,-7.64445925,0
C16162790_P83047794,-7.64346981,0
C04930355_P56564290,-7.64338446,0
C04705000_P06704857,-7.64100218,0
C48289304_P72245295,-7.6386323,0
C94543840_P148199977,-7.63846874,0
C19848005_P83161317,-7.63822603,0
Pyridine_131b-2GZ7,-7.63764191,1
C35167395_P89613396,-7.63714981,0
C09323810_P152396232,-7.63645601,0
C13629133_P20984931,-7.63630104,0
C12525772_P18404247,-7.63595295,0
C11787920_P17449288,-7.63586712,0
C41356652_P96548345,-7.63516092,0
C13197240_P19863726,-7.63371754,0
C04957429_P07242233,-7.63353205,0
C49449909_P73832279,-7.63153696,0
C90303140_P141167173,-7.63084936,0
C00002532_P13218442,-7.62796831,0
C13225303_P19959711,-7.62791014,0
C15746418_P114732569,-7.62760925,0
C00826292_P18248652,-7.62676096,0
C67320114_P103407227,-7.62509871,0
C40150708_P60936315,-7.62320423,0
C33401917_P153180524,-7.6218996,0
C22843646_P33911995,-7.62090874,0
C74648745_P116323226,-7.62051964,0
C19732492_P29267324,-7.61983204,0
C12786090_P18787192,-7.61852884,0
C59961022_P91460840,-7.61769152,0
C00222080_P87577443,-7.61650085,0
C04003122_P20209913,-7.61637545,0
C02866137_P152691430,-7.61535931,0
C86068173_P134769588,-7.61450386,0
C51033039_P119156632,-7.61208344,0
C02331049_P49309022,-7.61109352,0
C64611576_P99216488,-7.60969448,0
C24345970_P88530371,-7.60803843,0
C59147491_P89748741,-7.60136461,0
C12183099_P17922638,-7.59976053,0
C10167095_P85518331,-7.59882545,0
C22859081_P151710140,-7.59730577,0
C78982825_P123286175,-7.59657669,0
C35734570_P53041348,-7.59651518,0
C72133595_P111984983,-7.5960989,0
C01075753_P06279620,-7.59561157,0
C00648972_P79822630,-7.5948348,0
C04732663_P06783539,-7.59482861,0
C06750529_P10659485,-7.59443951,0
C96913163_P153381621,-7.59098101,0
C66520166_P156059613,-7.5899291,0
C59679064_P90932046,-7.58843708,0
C15955731_P24104132,-7.58526754,0
C59466300_P90491868,-7.58430767,0
C40287774_P61156434,-7.58389473,0
C61675428_P94457791,-7.58376455,0
C93130120_P145809163,-7.58348799,0
C37424472_P55638190,-7.58287287,0
C39870182_P60493470,-7.58281946,0
C24959450_P36930786,-7.58219242,0
C39908647_P60547877,-7.58205986,0
C11618452_P17259533,-7.58078623,0
C36596945_P54393671,-7.58077288,0
C09496750_P14551287,-7.5805397,0
C83316895_P130269199,-7.57856274,0
C58788566_P88968710,-7.57363558,0
C38931190_P95069799,-7.57296562,0
C20598115_P30727689,-7.57190418,0
C44126747_P66661191,-7.57118511,0
C88046308_P137699658,-7.5682478,0
C25315747_P37422582,-7.56780672,0
C65794435_P101220147,-7.56570721,0
C90727380_P141921328,-7.56558371,0
C06753337_P56773738,-7.56366062,0
C97970787_P155586254,-7.56215286,0
C90561663_P141632073,-7.56151056,0
C77536840_P121004336,-7.560462,0
C16572359_P25028108,-7.55971479,0
C60360618_P92193297,-7.5586729,0
C94396228_P147952160,-7.55840635,0
C35351207_P151226695,-7.55781555,0
C05757173_P30408651,-7.55705118,0
Misc_184-2GZ7,-7.55581522,1
C60968199_P93293176,-7.55543661,0
C23431575_P151815466,-7.55516195,0
C05876746_P08792712,-7.55441093,0
C04490948_P06091961,-7.55156708,0
C22024612_P32779160,-7.55058575,0
C04853861_P09518193,-7.55034685,0
C00820530_P20387216,-7.54896688,0
C00648039_P29394667,-7.54877234,0
C65744647_P101144541,-7.54797554,0
C94442305_P148011635,-7.5451684,0
C42151849_P132220590,-7.54151392,0
C00847641_P29336467,-7.54033709,0
C63411339_P97378502,-7.5398612,0
C92180167_P144318142,-7.539814,0
C24597817_P36435006,-7.53797913,0
C02747584_P08116786,-7.537889,0
C19535409_P28917542,-7.53091335,0
C16511881_P24931966,-7.52707481,0
C38068044_P57235156,-7.52700138,0
C52839233_P79179283,-7.52688742,0
C70485282_P108723957,-7.52586222,0
C55451430_P100950669,-7.52446699,0
C93198230_P145910613,-7.52334261,0
C57672146_P86694998,-7.52327824,0
C49010235_P73217701,-7.52115965,0
C72385518_P112565958,-7.51979017,0
C36583874_P54373024,-7.51955795,0
C19789812_P29371700,-7.51753855,0
C72473942_P112755673,-7.51663828,0
C22855006_P33948222,-7.51609182,0
C35383120_P52498227,-7.51422691,0
Misc_180-2GZ7,-7.51274729,1
C04116203_P05216202,-7.51238537,0
C12343906_P18138112,-7.50995922,0
C06815314_P156338769,-7.50913,0
C34853710_P51728033,-7.50780392,0
C65470399_P100691586,-7.50770855,0
C88498702_P138419891,-7.50752497,0
C37523464_P133689356,-7.50642729,0
C33377061_P152816095,-7.50550413,0
Pyridine_129-2GZ7,-7.50415182,1
C36680290_P58751663,-7.50337744,0
C33276031_P49210981,-7.50227356,0
C64795779_P151909916,-7.50183868,0
C04151389_P05391281,-7.5011673,0
C40782371_P61912632,-7.50097561,0
C91748766_P143656442,-7.5008564,0
C87200113_P136446104,-7.49850798,0
C71879423_P111515815,-7.49772978,0
C10104276_P15683594,-7.49621487,0
C96331805_P151982370,-7.49577379,0
C37376363_P55572487,-7.49283361,0
C50101385_P74943452,-7.49195194,0
C29923238_P43950812,-7.491745,0
C72203025_P112165462,-7.49070311,0
C88797362_P138906670,-7.48966169,0
C63156946_P96986015,-7.48896265,0
C90909136_P142201074,-7.48567915,0
C41161742_P62458389,-7.4853363,0
C93595381_P146577023,-7.48461342,0
C09259099_P14185887,-7.48438883,0
C01201674_P29309455,-7.48427963,0
C03085527_P29869511,-7.48047829,0
C86581751_P135534730,-7.4784708,0
C21892657_P32581733,-7.47763252,0
C32126559_P47363336,-7.47742414,0
C00829999_P126172847,-7.47673368,0
C08654493_P156340579,-7.47654963,0
C61812708_P94692537,-7.47550344,0
C70110162_P108068735,-7.47536707,0
C69315917_P106591383,-7.47038603,0
C90685178_P141840117,-7.46836042,0
C90727377_P141921323,-7.46814871,0
C04302299_P05664096,-7.46804714,0
C05592276_P08326480,-7.46708918,0
C24527351_P36331971,-7.46654224,0
C90305853_P141169887,-7.46620178,0
C71830858_P111405745,-7.46105909,0
C94366074_P147899031,-7.46090364,0
C04888267_P07120805,-7.46006632,0
C33286851_P152641092,-7.45956707,0
C07776840_P111332967,-7.45949173,0
C09050625_P13889718,-7.45836878,0
C40070083_P60811840,-7.45813656,0
C33834344_P50140854,-7.45797014,0
C23223022_P34474494,-7.45736217,0
C45562862_P117568908,-7.45670891,0
C44447612_P67089217,-7.45550203,0
C12930523_P86590441,-7.45377541,0
C94263403_P147732082,-7.45358372,0
C12285262_P18049984,-7.45086145,0
C65196122_P152079239,-7.44951868,0
C01833122_P07473295,-7.44907379,0
C12585416_P18502511,-7.44824171,0
C90559316_P141629468,-7.4479475,0
C60102849_P91726242,-7.44626284,0
C92780293_P145250954,-7.443923,0
C00534095_P07604663,-7.4407177,0
C71601440_P110820103,-7.43757677,0
C06527978_P117023975,-7.43485975,0
C85686285_P134151717,-7.43357706,0
C01430039_P09608847,-7.43190098,0
C87896894_P137486934,-7.43166399,0
C49476354_P73871895,-7.43123293,0
C06905229_P10880457,-7.42908382,0
C08780809_P13483841,-7.42710161,0
C12492747_P18358238,-7.42707634,0
C69197657_P106375189,-7.42445421,0
C63084092_P96881253,-7.42175961,0
C67350206_P103444786,-7.42106628,0
C93689935_P146748942,-7.4188962,0
C02889861_P09884337,-7.41822529,0
C09113970_P13979566,-7.41511345,0
C22632811_P33610126,-7.4142642,0
C01425517_P06673807,-7.41234636,0
C13584579_P20919820,-7.4119153,0
C94351776_P147879347,-7.410532,0
C32787788_P48564032,-7.40925121,0
C50305951_P75243380,-7.40794706,0
C33345084_P130277032,-7.4057312,0
C32603451_P48284604,-7.40516663,0
C96581872_P152633585,-7.4049902,0
C92782651_P145232929,-7.40352726,0
C05413833_P08009131,-7.40345621,0
C65317833_P132509886,-7.40261698,0
C88193155_P137955097,-7.40078068,0
C12524734_P20632860,-7.39796782,0
C05232056_P07737831,-7.39417219,0
C19860521_P56672941,-7.39387369,0
C54302252_P81718141,-7.39349174,0
C97024366_P153565314,-7.392735,0
C94262723_P147740197,-7.39049292,0
C37745260_P56122290,-7.39003563,0
C95503085_P150091478,-7.38927603,0
C71224783_P110056030,-7.38834667,0
C94785391_P148560649,-7.38421059,0
C78790883_P122967209,-7.38322878,0
C02220432_P09306825,-7.38314152,0
C02748519_P21374865,-7.38084507,0
C94377973_P147918334,-7.38002396,0
C13638104_P85726655,-7.37844181,0
C07941897_P111334664,-7.37743425,0
C91661136_P143488687,-7.37682629,0
C16070333_P87700236,-7.37583685,0
C06489301_P10185246,-7.3748045,0
C12467078_P49335474,-7.37169552,0
C36250630_P53880230,-7.37147379,0
C39834385_P60447882,-7.37023592,0
C71205174_P109941828,-7.36341476,0
C84971865_P132985340,-7.36175394,0
C44981887_P67799521,-7.36119604,0
C85374813_P133582213,-7.357831,0
C91628110_P143422636,-7.35770988,0
C71965860_P111700722,-7.35737896,0
C49303478_P73643715,-7.35695314,0
C07112895_P11139884,-7.35648727,0
C01412947_P09037636,-7.35623693,0
C05942167_P89354708,-7.35573387,0
C01217437_P13198681,-7.35393429,0
C08951430_P13868549,-7.35336208,0
C80931713_P126366170,-7.35300589,0
C05849628_P08754268,-7.35220909,0
C00005871_P56318655,-7.3515625,0
C69128484_P106240234,-7.34884977,0
C55173921_P83113389,-7.34653425,0
C20983669_P31358482,-7.34617472,0
C37365879_P55562754,-7.34422588,0
C72089962_P111887478,-7.34244442,0
C05557787_P09784127,-7.33970976,0
C98340845_P156417041,-7.33890676,0
C02358790_P49335440,-7.33838892,0
C94380641_P147921002,-7.33784103,0
C94264019_P147740728,-7.33676958,0
C39961020_P60642353,-7.33578205,0
C13466357_P156235344,-7.33524084,0
C40866639_P62040588,-7.3349638,0
C95930041_P156287550,-7.33065557,0
C38547974_P58346161,-7.32827282,0
C04807568_P06949047,-7.32644081,0
C06508791_P10254482,-7.32472086,0
C40939035_P126331135,-7.32323313,0
Isatin_76-2GZ7,-7.32294226,1
C45046307_P67887223,-7.32148838,0
C13640743_P21000687,-7.32033539,0
C77979580_P121668993,-7.31852388,0
C37523212_P152424021,-7.3157835,0
C35539237_P151918892,-7.31365538,0
C38704853_P61581456,-7.31293154,0
C52884112_P79261509,-7.31283617,0
C51998230_P77861890,-7.31209803,0
C38548288_P58346475,-7.31088161,0
C71826188_P111398301,-7.30981398,0
C00852643_P06996149,-7.30829287,0
C47824397_P71597896,-7.30340576,0
C52839754_P79189328,-7.30320835,0
C91516449_P143212152,-7.30236053,0
Pyridine_130-2GZ7,-7.30091858,1
C64748074_P99479797,-7.29604006,0
C40175494_P60972518,-7.29590559,0
C04744927_P06805261,-7.29568005,0
C51358499_P76949001,-7.29504442,0
C75635776_P117766029,-7.29465294,0
C92860555_P145430363,-7.29421663,0
C78088965_P121817293,-7.28884268,0
C61887316_P94833973,-7.28799295,0
C13374994_P20538607,-7.28526258,0
C94552594_P148210259,-7.28515005,0
C09966833_P20243661,-7.2846632,0
C92200674_P144349970,-7.2843132,0
C33446821_P152435195,-7.2822938,0
C94392449_P147936869,-7.28158426,0
C55700490_P83887446,-7.27691555,0
C87901243_P137499406,-7.27587032,0
C02808557_P10274580,-7.27454853,0
C71206918_P109943572,-7.27420187,0
C59379818_P90296068,-7.27190971,0
C04598545_P06316429,-7.26685524,0
C85431185_P133708766,-7.26654196,0
C59227796_P89932962,-7.26581764,0
C44342488_P66941335,-7.26502132,0
C97408488_P154279262,-7.26444864,0
C83850399_P131169720,-7.26432514,0
C96466806_P152337157,-7.26394415,0
C13520690_P114126642,-7.26313639,0
C94396234_P147952166,-7.26117325,0
C50306114_P75243543,-7.26087046,0
C23359591_P34704049,-7.2607832,0
C44802618_P67560386,-7.2601943,0
C67029059_P102999566,-7.25971699,0
C92782947_P145282022,-7.25964403,0
C04795199_P06922058,-7.25904036,0
C13520690_P56511615,-7.25890541,0
C46058229_P69342602,-7.2585187,0
C41194934_P62500474,-7.25838423,0
C72526912_P112838901,-7.25226259,0
C05671819_P08460666,-7.25029802,0
C40328390_P61220180,-7.24810171,0
C03047760_P09860799,-7.24711132,0
C20486659_P30545094,-7.24533892,0
C05183231_P07661015,-7.24463606,0
C90704483_P141874452,-7.24320173,0
C16192910_P24512996,-7.24262333,0
C62940929_P96576649,-7.24213934,0
C08600293_P126245916,-7.23988485,0
C55173955_P83113423,-7.23985529,0
C20235530_P30141750,-7.23872709,0
C01018038_P90573946,-7.23859596,0
C44269296_P66846894,-7.2384963,0
C71770615_P111207472,-7.23625755,0
C06097532_P113022330,-7.226789,0
C78461765_P122402811,-7.22304153,0
C12486479_P18557670,-7.22265434,0
C20312826_P152229120,-7.22219324,0
C50671096_P75798682,-7.22080135,0
C95442249_P149924925,-7.22075796,0
C48407401_P118055921,-7.21839762,0
C12345887_P18140848,-7.21776342,0
C92774589_P145265665,-7.21675539,0
C92782852_P145259618,-7.21592569,0
C05933447_P19765473,-7.21487379,0
C83293586_P130205940,-7.21457195,0
C84977234_P132990794,-7.21347475,0
C92803904_P145289091,-7.21305513,0
C98340321_P156414752,-7.20642424,0
C38003005_P57121806,-7.20536375,0
C58850496_P89090712,-7.20353317,0
C42039300_P63618940,-7.20119667,0
C79315382_P123873635,-7.19747496,0
C86387029_P135255114,-7.19540024,0
C31027370_P45687913,-7.19480658,0
C88192899_P137953152,-7.19325733,0
C72080562_P111875021,-7.19157171,0
C15735289_P23730214,-7.19035292,0
C40176447_P60975163,-7.18782854,0
C62832922_P96422524,-7.18681717,0
C96663198_P152816129,-7.18656921,0
Misc_189c-2GZ7,-7.18624926,1
C86170850_P134935474,-7.18305922,0
C43407912_P65641046,-7.1821003,0
C02322659_P13716603,-7.18200445,0
C71392884_P110435977,-7.1755271,0
C00205737_P111612080,-7.17468262,0
C80870132_P126310716,-7.17446995,0
C49121819_P73371512,-7.17404509,0
C06817687_P56719368,-7.17145014,0
C71760791_P111186994,-7.16968822,0
C12463598_P110135844,-7.16729689,0
C20322843_P30270580,-7.16652203,0
C00941503_P12913042,-7.16539955,0
C62818487_P96400602,-7.16442108,0
C83292441_P130202738,-7.16294718,0
C00852676_P06611914,-7.16269779,0
C08615684_P46598045,-7.1622057,0
C05250083_P57631112,-7.15987492,0
C05740065_P83054834,-7.15858316,0
C94361026_P147891121,-7.15827322,0
C88192990_P137953981,-7.15655899,0
C15612120_P87599789,-7.15534019,0
C19959593_P91132923,-7.15289927,0
C98006024_P155667515,-7.15179539,0
C00840967_P90505481,-7.15176773,0
C92643256_P145009070,-7.15158987,0
C44529168_P90220270,-7.15098476,0
C33269918_P49201435,-7.14976215,0
C36567460_P54348360,-7.14745903,0
C94694512_P148431768,-7.14568758,0
C89157068_P139442573,-7.14538002,0
C19594953_P56660026,-7.14327192,0
C72355557_P112499412,-7.14161825,0
C98322820_P156388744,-7.14048004,0
C94263500_P147738042,-7.1394515,0
C34936009_P51860001,-7.13942337,0
C58247293_P87915094,-7.13896513,0
C49563890_P74033736,-7.13862848,0
C37730744_P56099819,-7.13835621,0
C00627128_P37820353,-7.13759899,0
C36347642_P152411965,-7.13631916,0
C33378484_P155715856,-7.13609934,0
C98040542_P155761472,-7.13455915,0
C96418235_P152165470,-7.13360834,0
C39490992_P59863882,-7.13359642,0
C49569431_P74034598,-7.13249636,0
C16757934_P25277757,-7.13180447,0
C70438278_P108611293,-7.12954569,0
C52496004_P78574089,-7.12872458,0
C20227063_P30130603,-7.12833929,0
C10032575_P15309897,-7.12251234,0
C04994993_P07321302,-7.12227583,0
C90713417_P141887109,-7.12057829,0
C33342202_P154338509,-7.11880207,0
C56911587_P85457557,-7.11717701,0
C71198174_P109936372,-7.11660051,0
C41122002_P62399582,-7.11653566,0
C94513037_P148150453,-7.11610985,0
C13101077_P19400001,-7.11565018,0
C59474991_P90513527,-7.11338091,0
C96048568_P151281250,-7.1129961,0
C88320567_P138129490,-7.1090169,0
C88248656_P138014450,-7.1018424,0
C32772565_P48531335,-7.09787703,0
C38168562_P154262029,-7.09723043,0
C70217043_P108238700,-7.09566498,0
C87869972_P137440672,-7.09532213,0
C67458560_P103609871,-7.09513521,0
C87879045_P137456312,-7.09417248,0
C50323920_P138011947,-7.09405184,0
C02257489_P13419031,-7.09354734,0
C94446293_P148027064,-7.08832598,0
C43741085_P66113289,-7.08666039,0
C00250286_P04614514,-7.08435154,0
C03168067_P12678527,-7.08394146,0
C97408478_P154279252,-7.08354473,0
C90303155_P141167188,-7.08338833,0
C98039940_P155760866,-7.08144331,0
C00194301_P04938127,-7.0807972,0
C14652896_P22377370,-7.08047771,0
C98322472_P156388396,-7.08044529,0
C59397129_P90332925,-7.07512236,0
C36910578_P54866559,-7.07222509,0
C61368316_P93944520,-7.07163,0
C91545095_P143260378,-7.07162285,0
C77896684_P121549315,-7.07115555,0
C91433321_P143074737,-7.0690546,0
C88668929_P138678423,-7.06755877,0
C94393200_P147937620,-7.06425667,0
C94471646_P148071634,-7.0628686,0
C10883152_P16359828,-7.06064987,0
C13424829_P20628660,-7.06058359,0
C85405119_P133643642,-7.06009436,0
C62777693_P96326808,-7.0576582,0
C07763716_P11903658,-7.05663776,0
C87843786_P137402954,-7.0548439,0
C70416712_P108569376,-7.05441427,0
C04919996_P07180504,-7.05386877,0
C31714984_P46715775,-7.05205536,0
C02878500_P152644024,-7.05110359,0
C85197328_P133287665,-7.04842043,0
C36854631_P86626465,-7.04837894,0
C88719277_P138769722,-7.04583359,0
C04512537_P06128572,-7.04400969,0
C69432745_P106782858,-7.04380798,0
C02846979_P10404913,-7.04347849,0
C50908613_P76188484,-7.04271746,0
C01382934_P05020206,-7.04201937,0
C11695605_P156284023,-7.04075003,0
C98038244_P155755262,-7.03873205,0
C62071629_P95260848,-7.03842306,0
C33348327_P130272365,-7.03802109,0
C96157699_P151478268,-7.03692484,0
C90315607_P141206066,-7.03522205,0
C96255396_P151704110,-7.03440523,0
C80039478_P125056875,-7.03417969,0
C97104278_P153724616,-7.03228092,0
C04860183_P07064177,-7.03145933,0
C87216923_P136467419,-7.02996731,0
C88656799_P138666146,-7.02847815,0
C91324423_P142869559,-7.02794981,0
C97608343_P154712205,-7.02677059,0
C00170411_P10330471,-7.0244875,0
C95029510_P148969478,-7.02234936,0
C00826304_P12919827,-7.02113962,0
C50162655_P75035718,-7.01938152,0
C43509824_P65792783,-7.01746893,0
C96255096_P151700861,-7.01738262,0
C96010953_P151206414,-7.01650953,0
C36863775_P54786049,-7.01352501,0
C95029118_P148970834,-7.01210833,0
C93198219_P145910602,-7.00963688,0
C96462795_P152322617,-7.00611162,0
C94606119_P148293335,-7.00520706,0
C13624713_P20980029,-7.00516033,0
C71206925_P109943579,-7.00435829,0
C06844100_P10791931,-7.00390768,0
C05975313_P154670710,-7.00377417,0
C35925165_P53338275,-7.00363827,0
C92576877_P144903296,-7.00173235,0
C52602969_P100669853,-6.99901104,0
C04704066_P06702982,-6.99809456,0
C94895449_P148744275,-6.99629307,0
C21516758_P32081694,-6.99576998,0
C40372779_P61287764,-6.99422026,0
C49569471_P74027429,-6.99401045,0
C61673645_P94456000,-6.99337387,0
C87843783_P137402951,-6.99213266,0
C97408503_P154279277,-6.99072504,0
C57054013_P85655250,-6.99009609,0
C16976113_P25558254,-6.98792744,0
C37975711_P57065465,-6.98760605,0
C92782668_P145232954,-6.98743582,0
C36168957_P53728131,-6.98706245,0
C97362602_P154195959,-6.98383808,0
C92772342_P145263329,-6.98339415,0
C06357220_P89423910,-6.98213387,0
C72234735_P112230268,-6.98028851,0
C72480064_P112760952,-6.97848463,0
C81868611_P127706586,-6.97133732,0
C20865513_P31148629,-6.97050905,0
C62777694_P96326809,-6.96936274,0
C97608710_P154712582,-6.96628666,0
C80654203_P125913894,-6.96509504,0
C69178734_P106336185,-6.96391249,0
C29747018_P150077805,-6.96059322,0
C00638696_P04643055,-6.95959663,0
C21900809_P32595807,-6.95887375,0
C92140691_P144261754,-6.95847464,0
C13601053_P56525896,-6.95617819,0
C94360880_P147890974,-6.9549098,0
C04751453_P06824101,-6.95455027,0
C84960292_P132956425,-6.95294857,0
C84971866_P132985341,-6.95288801,0
C87879235_P137456502,-6.95154333,0
C40293066_P61166548,-6.94754887,0
C26631136_P87096685,-6.94415569,0
C97608059_P154711921,-6.93958664,0
C97864630_P155320978,-6.93839169,0
C97353899_P154167420,-6.93669176,0
C69592654_P107106350,-6.93510056,0
C92547920_P144864725,-6.93262148,0
C04784310_P06899506,-6.92433596,0
C13184106_P19843109,-6.92310715,0
C03018332_P06542072,-6.92075777,0
C83236418_P130091504,-6.9196806,0
C94437248_P147996509,-6.91952419,0
C00228022_P112030601,-6.91810322,0
C75245318_P117162029,-6.91590929,0
C38033768_P57183528,-6.91548157,0
C94602003_P148289208,-6.91542244,0
C59197952_P89852495,-6.91221809,0
C59032810_P89427661,-6.91068125,0
C96121224_P151409934,-6.91048908,0
C37835214_P56266410,-6.90999174,0
C48441103_P72449656,-6.90908527,0
C98038335_P155755363,-6.90760231,0
C93609915_P146620740,-6.90282345,0
C62810815_P96384999,-6.89945507,0
C39127275_P59273511,-6.89864588,0
C05520138_P19932618,-6.89802742,0
C87854673_P137418761,-6.89639759,0
C38507538_P58269759,-6.89515066,0
C12374610_P18182976,-6.89393282,0
C70155367_P108130299,-6.89164925,0
C91517410_P143209149,-6.89006472,0
C71812241_P111355927,-6.8893404,0
C94574753_P148246364,-6.88809013,0
C58625242_P88664529,-6.8857379,0
C66786639_P102642143,-6.8830905,0
C97608344_P154712206,-6.87968063,0
C79300198_P123861556,-6.87848711,0
C32101687_P47323995,-6.87668514,0
C05260144_P09755132,-6.87055111,0
C00826303_P12919815,-6.86935616,0
C16913403_P25471947,-6.86931658,0
C86580705_P135532668,-6.86583757,0
C12343902_P18138108,-6.8624301,0
C20412319_P30418443,-6.86157751,0
C85374484_P133581884,-6.85856676,0
C05426341_P08030917,-6.85776186,0
C70346784_P108444851,-6.85638809,0
C97678519_P154898348,-6.85305929,0
C70259335_P108296577,-6.85058689,0
C33369323_P151053399,-6.84983587,0
C66517045_P102273407,-6.84976482,0
C70474472_P108706717,-6.84963751,0
C36685503_P58756383,-6.84464359,0
C40993186_P62214806,-6.83918333,0
C03443547_P56808846,-6.83811951,0
C50673604_P75799527,-6.83510113,0
C54526734_P82047989,-6.83468914,0
C50323875_P75269324,-6.83290005,0
C94795449_P148575871,-6.82979202,0
C00809033_P86494730,-6.82913017,0
C00823674_P12911345,-6.82766342,0
C97349802_P154175658,-6.82746649,0
C33984919_P150661015,-6.82343292,0
C69198475_P106377791,-6.82005215,0
C96055866_P151288814,-6.81828356,0
C70435911_P108608907,-6.8157115,0
C88872030_P139014687,-6.81552935,0
C87765673_P137272724,-6.81489038,0
C38502857_P58265447,-6.8134656,0
C92577074_P144903683,-6.81212234,0
C04955919_P20145357,-6.81071615,0
C90143324_P140900064,-6.80930948,0
C92576346_P144902308,-6.80833149,0
C97353753_P154167133,-6.80291653,0
C97677610_P154897416,-6.80209303,0
C37305524_P55473215,-6.80203533,0
C97408696_P154279470,-6.79865265,0
C62757629_P96301179,-6.79746485,0
C37555541_P55850838,-6.79485989,0
C40869656_P62049091,-6.79177237,0
C98038278_P155755296,-6.78995609,0
C94726106_P148470182,-6.78868961,0
C97355042_P154169737,-6.78829336,0
C95025697_P148965654,-6.7868371,0
C48961855_P73149039,-6.78417492,0
C97608364_P154712226,-6.78317404,0
C86490959_P135409962,-6.77703571,0
C32508394_P99971779,-6.77282143,0
C85674801_P134123388,-6.77195692,0
C07346940_P11409070,-6.77135372,0
C13787124_P29517126,-6.76827431,0
C12381756_P49391031,-6.76680422,0
C41023679_P62257991,-6.76465368,0
C72295638_P112359099,-6.7635622,0
C97607060_P154708836,-6.76258278,0
C39591443_P60027484,-6.76207638,0
C37550649_P55845903,-6.7619133,0
C05720964_P08540409,-6.76161242,0
C03125817_P05832726,-6.76152515,0
C24707792_P36581494,-6.76111698,0
C88700896_P138756826,-6.75640488,0
C97354168_P154167964,-6.75504923,0
C48783137_P72894499,-6.75250483,0
C54160515_P81479881,-6.74904394,0
C13703248_P21087062,-6.74856234,0
C35252173_P52301373,-6.74790382,0
C59397110_P90332898,-6.74713516,0
C40334052_P61229048,-6.74563932,0
C09761291_P20413957,-6.74249077,0
C77508976_P120964797,-6.73684311,0
C37193176_P55306069,-6.73474312,0
C96228946_P151629048,-6.73158216,0
C92113068_P144228875,-6.72834969,0
C60874923_P93131943,-6.72728634,0
C88354623_P138186816,-6.72138023,0
C36169084_P53728371,-6.72127914,0
C97409196_P154279970,-6.72123718,0
C00086969_P56312399,-6.72102261,0
C06844150_P10792000,-6.72033501,0
C21500991_P32086185,-6.7203002,0
C79303910_P123851742,-6.71875906,0
C92576173_P144901978,-6.7180233,0
C87892237_P137483872,-6.71272659,0
C97354563_P154176142,-6.71257687,0
C45047062_P67888080,-6.7120719,0
C87767409_P137274462,-6.70830393,0
C20509334_P30577084,-6.70650434,0
C83935157_P131311540,-6.70594835,0
C33376594_P49420136,-6.69675303,0
C93760508_P146885315,-6.69552803,0
Misc_181b-2GZ7,-6.6940093,1
C91553946_P143279148,-6.692173,0
C93932759_P147227672,-6.68983984,0
C32519402_P47992647,-6.68804073,0
C70445621_P108621306,-6.68785334,0
C42175788_P63820899,-6.68176079,0
C96226203_P151626205,-6.68154621,0
C97398928_P154256641,-6.68069696,0
C30548228_P44921425,-6.68014956,0
C97409445_P154280219,-6.67796278,0
C45089342_P67952198,-6.67755032,0
C02536795_P53193192,-6.67321253,0
C36682879_P55732867,-6.6724081,0
C61094475_P93506431,-6.66964912,0
C94662253_P148375117,-6.66793585,0
C01189141_P06295045,-6.6657033,0
C88352830_P138184548,-6.66541624,0
C71210405_P109947074,-6.66423321,0
C62996780_P96735009,-6.66303778,0
C01065118_P76660200,-6.65605354,0
C79602007_P124362593,-6.65406895,0
C94746506_P148497523,-6.65180159,0
C00040794_P56334841,-6.65123177,0
C94694416_P148436029,-6.64770889,0
C94607280_P148294504,-6.64735174,0
C48960188_P73147371,-6.64725399,0
C91348160_P142901587,-6.64348698,0
C33392655_P153033173,-6.64272261,0
C31714975_P46715760,-6.63916588,0
C98319598_P156385522,-6.63826656,0
C87871970_P137446590,-6.63794756,0
C35357609_P52460339,-6.63506508,0
C97353733_P154167093,-6.63407135,0
C71320594_P110266900,-6.63237047,0
C01023434_P05655321,-6.63186407,0
C92576567_P144902715,-6.63103914,0
C79305506_P123855426,-6.62654543,0
C48838603_P72974152,-6.62618732,0
C37335768_P55515029,-6.62558985,0
C72364137_P112516252,-6.62370491,0
C87870546_P137443489,-6.61693382,0
C06550951_P10321719,-6.61693001,0
C97398689_P154256156,-6.61326313,0
C87756709_P137257506,-6.61040068,0
C71989025_P111732264,-6.60914469,0
C65373979_P100488026,-6.60876083,0
C40292029_P61165327,-6.60353804,0
C97608504_P154712366,-6.59977818,0
C17204112_P25856718,-6.59969616,0
C90683238_P141837467,-6.59530067,0
C34347840_P151897809,-6.58960581,0
C97355055_P154169764,-6.58719587,0
C87893132_P137483120,-6.58711433,0
C97677508_P154897311,-6.57892656,0
C37052853_P55087337,-6.57539511,0
C04739237_P06793318,-6.57254744,0
C67005825_P102967334,-6.57176638,0
C37626535_P55967321,-6.56909943,0
C37550661_P55845910,-6.56836653,0
C11635176_P17276920,-6.56706333,0
C92577154_P144903839,-6.56641483,0
C85414082_P133663441,-6.56639385,0
C93379970_P146208041,-6.56615114,0
C04865771_P56548600,-6.56410933,0
C03078071_P86631463,-6.5599494,0
C37977983_P57067787,-6.5587678,0
C13772892_P90049941,-6.55306578,0
C84469474_P153156815,-6.5513339,0
C69436795_P106787514,-6.55062628,0
C94454211_P148035481,-6.54764843,0
C97354115_P154167861,-6.5462451,0
C54909979_P82654919,-6.54506016,0
C90143328_P140900068,-6.54484224,0
C57351887_P86104398,-6.54223061,0
C77600525_P121099430,-6.54078865,0
C80508058_P125703909,-6.5396924,0
C35433705_P52575746,-6.53821516,0
C89275024_P139607718,-6.53547335,0
C51728779_P77494658,-6.53537083,0
C04088255_P57412814,-6.53532791,0
C82552956_P129014645,-6.53435469,0
C39955934_P110129455,-6.53410053,0
C97398887_P154256562,-6.52858543,0
C01350647_P07333611,-6.52413702,0
C86031393_P134700351,-6.52277708,0
C85415493_P133666427,-6.52071762,0
C89944555_P140600081,-6.51910067,0
C42175791_P63820902,-6.51872206,0
C97608509_P154712371,-6.51534414,0
C94450280_P148043323,-6.51440668,0
C98037748_P155754193,-6.51308393,0
C97171388_P153850644,-6.51243258,0
C54553091_P82094067,-6.50883341,0
C01074408_P06278872,-6.49681854,0
C73603284_P114623496,-6.49675417,0
C87869267_P137439967,-6.49578953,0
C88396588_P138278345,-6.49536991,0
C53712318_P80776039,-6.49341822,0
C92783370_P145282455,-6.49039316,0
C85376673_P133584860,-6.48807383,0
C97678283_P154898107,-6.4861412,0
C91501897_P143189938,-6.48395729,0
C31657561_P46626591,-6.47911835,0
C98040120_P155761046,-6.47905588,0
C95095010_P149097373,-6.4776268,0
C87892400_P137478753,-6.47282076,0
C36860767_P54782726,-6.47137117,0
C21320665_P31825360,-6.47030544,0
C02323133_P06872611,-6.46905708,0
C01064680_P06173868,-6.46506453,0
C37348590_P55536263,-6.46438932,0
C92517447_P144814596,-6.46404219,0
C62984529_P96707733,-6.46288443,0
C42610650_P138217146,-6.45836496,0
C74251000_P115710397,-6.45645666,0
C88515428_P138443538,-6.45612001,0
C88352594_P138184312,-6.4543066,0
C94249742_P147719162,-6.45191145,0
C62961454_P96627641,-6.44786596,0
C00678623_P05775308,-6.44560575,0
C97354286_P154176078,-6.44424677,0
C80932600_P126388649,-6.44069529,0
C86423169_P135300386,-6.43878365,0
C40286002_P61151859,-6.43718433,0
C94329676_P147846745,-6.43405914,0
C97608200_P154712062,-6.42749166,0
C35369580_P52477621,-6.42670536,0
C50307209_P138014026,-6.42625523,0
C98040157_P155761083,-6.42515898,0
C62754099_P96291056,-6.41967583,0
C80655935_P131170302,-6.41941833,0
C86374666_P135242751,-6.41894436,0
C98042299_P155764944,-6.41129303,0
C79305418_P123855223,-6.40980816,0
C98032716_P155735260,-6.40774012,0
C40285942_P61151762,-6.3996644,0
C88949650_P139119417,-6.3993926,0
C91332879_P142883346,-6.39908552,0
C94224397_P147664852,-6.39888144,0
C85322268_P133503327,-6.39470243,0
C05333943_P07886400,-6.394207,0
C97409293_P154280067,-6.39071512,0
C70407719_P108543421,-6.39062738,0
C37324884_P55496853,-6.38854122,0
C97354818_P154169277,-6.3877964,0
C92778716_P145226088,-6.38569498,0
C90005370_P140694025,-6.38494539,0
C91550260_P143272050,-6.37951279,0
C53994850_P81206487,-6.37309313,0
C54917787_P82677478,-6.37259531,0
C71024630_P109611693,-6.36542177,0
C97354076_P154167783,-6.36205959,0
C97354957_P154169556,-6.36079025,0
C33457572_P152518925,-6.35960197,0
C24601198_P36493795,-6.34833145,0
C34881370_P152904297,-6.3383522,0
C89353103_P139729999,-6.3370924,0
C98037726_P155754171,-6.33396816,0
C50307340_P75244769,-6.3289814,0
C85671310_P134119685,-6.32520771,0
C00183513_P04951205,-6.32436752,0
C97354589_P154168809,-6.32203627,0
C97171557_P153850813,-6.32042122,0
C03246539_P56814220,-6.31852531,0
C86437471_P135333554,-6.31642866,0
C05496443_P08156485,-6.31619501,0
C94444092_P148024881,-6.31526232,0
C97612198_P154719774,-6.31436539,0
C97408605_P154279379,-6.30421162,0
C38107859_P57296683,-6.30095434,0
C39591708_P60027873,-6.30046225,0
C86386729_P135254814,-6.29866552,0
C36928082_P59190854,-6.29826307,0
C97921712_P155420308,-6.29572296,0
C97606968_P154708744,-6.29526615,0
C91332724_P142883175,-6.29364491,0
C50306686_P75244115,-6.28852892,0
C87515848_P136886968,-6.28654051,0
C92516220_P144812756,-6.28528023,0
C92595008_P144925779,-6.28144693,0
C97097594_P153714614,-6.2810483,0
C37290868_P55452664,-6.27789211,0
C94730655_P148477628,-6.2731328,0
C88489480_P138408866,-6.26906109,0
C85755970_P134244798,-6.26183367,0
C17020581_P25613985,-6.26114416,0
C42338116_P64037737,-6.25602198,0
C48546515_P72582500,-6.25109148,0
C71835043_P111416752,-6.25065279,0
C62766627_P96309799,-6.24792004,0
C40291773_P61172567,-6.24457359,0
C97606925_P154708701,-6.24408102,0
C61409364_P94037301,-6.23957109,0
C98180068_P156131547,-6.2392416,0
C20588947_P30737755,-6.23203135,0
C89540074_P139962089,-6.23028088,0
C87868547_P137439247,-6.22574234,0
C97630846_P154762832,-6.21923494,0
C97630347_P154759641,-6.20500946,0
C91326470_P142871783,-6.20493269,0
C97608751_P154712623,-6.20232821,0
C91326317_P142871630,-6.19480801,0
C88851087_P138984240,-6.18781614,0
C92577205_P144903935,-6.18737078,0
C62766628_P96309800,-6.18461609,0
C93931936_P147226845,-6.18284178,0
C37317634_P55500543,-6.17616653,0
C84057299_P131499542,-6.17534399,0
C60079373_P91682826,-6.16818285,0
C97870251_P155335434,-6.15515995,0
C97408496_P154279270,-6.15078926,0
C44592679_P67301737,-6.14922523,0
C97608513_P154712375,-6.13963985,0
C71839745_P111425553,-6.13932848,0
C90479403_P141484290,-6.13822842,0
C97171609_P153850865,-6.13729572,0
C83591170_P130755031,-6.12555504,0
C38085486_P57261026,-6.1190176,0
C62824611_P96406849,-6.11860943,0
C87820939_P137362649,-6.11054993,0
C50593527_P75665480,-6.09406948,0
C94850741_P148668239,-6.08715868,0
C72070222_P111861195,-6.08665609,0
C89977083_P140645083,-6.08593845,0
C97814456_P155241744,-6.07416534,0
C16089576_P24366603,-6.07409334,0
C48952825_P73135961,-6.07090235,0
C44592592_P67301581,-6.06970167,0
C27571447_P40641847,-6.06916428,0
C96743252_P152946462,-6.06895876,0
C90782825_P142002303,-6.06082916,0
C86830127_P135913148,-6.05347109,0
C89974796_P140642794,-6.04573536,0
C97608481_P154712343,-6.03972816,0
C61630033_P94362121,-6.03377914,0
C37327047_P55501401,-6.02553892,0
C62754694_P96300437,-6.017272,0
C61539606_P94220416,-6.00695181,0
C91271839_P142751390,-5.99271679,0
C47896775_P71697573,-5.98872662,0
C97607271_P154709047,-5.9881444,0
C97408382_P154279156,-5.97315741,0
C77072358_P120243168,-5.97269249,0
C67119578_P103111137,-5.96952438,0
C87755466_P137256077,-5.9674902,0
C94486143_P148099214,-5.96273088,0
C37843366_P56278109,-5.96061182,0
C97408383_P154279157,-5.94484806,0
C49373351_P73735867,-5.93117905,0
C87640076_P137093470,-5.92654657,0
C20504765_P30569138,-5.92180586,0
C96870300_P153262716,-5.89896345,0
C97608215_P154712077,-5.89740324,0
C85450592_P133737247,-5.89312553,0
C52815771_P79141446,-5.88253355,0
C16688139_P25178378,-5.85303354,0
C03352395_P09181159,-5.82151413,0
C96846510_P153214575,-5.79551792,0
C83525523_P130648102,-5.78664303,0
C92577041_P144903615,-5.77450323,0
C87226598_P136482117,-5.76609707,0
C80676421_P125944306,-5.75090313,0
C96846512_P153214577,-5.73576832,0
C62085062_P95258469,-5.73353529,0
C35222090_P52266679,-5.71537542,0
C49479436_P73875171,-5.69567013,0
C72193630_P112147718,-5.6779871,0
C97992067_P155633337,-5.61924934,0
C77088692_P120265186,-5.60362387,0
C66054412_P101621688,-5.57643175,0
C34669549_P51443194,-5.54454947,0
C19407960_P80571999,-5.53905296,0
C78877955_P123103543,-5.49957895,0
C44840339_P67618769,-5.48165894,0
C96846612_P153214677,-5.46192217,0
C03121806_P06163336,-5.13450241,0
