Compound,Energy,Flag
5R81_-_minimized_dehyd_5R81_-_ligand,-32.292096737519024,0
5RF7_-_minimized_dehyd_5RGU_-_ligand,-57.397542115677425,0
5RF7_-_minimized_dehyd_5RH1_-_ligand,-38.67656068051837,0
5RF7_-_minimized_dehyd_5RF7_-_ligand,-42.59781272149356,0
5R81_-_minimized_dehyd_5R80_-_ligand,-25.798095030308637,0
5RH3_-_minimized_dehyd_5REZ_-_ligand,-24.20696436936832,0
5RF7_-_minimized_dehyd_Nelfinavir_1,-65.99052972699448,0
5RF7_-_minimized_dehyd_5RF6_-_ligand,-30.594552363284684,0
5RF7_-_minimized_dehyd_5REB_-_ligand,-34.10100727876688,0
7BUY_-_minimized_desolv_5R7Y_-_ligand,-31.949589588567704,0
5RF7_-_minimized_dehyd_5RH8_-_ligand,-53.80390338508314,0
5RF7_-_minimized_dehyd_5RH3_-_ligand,-30.770158571707903,0
5RF7_-_minimized_dehyd_5RG1_-_ligand,-44.57210871922761,0
5RH3_-_minimized_dehyd_5R7Z_-_minimized_lig,-27.76134286011747,0
5RF7_-_minimized_dehyd_5RH0_-_ligand,-34.91577766058799,0
5RF7_-_minimized_dehyd_5RGI_-_ligand,-34.04360082230671,0
5RF7_-_minimized_dehyd_5RGY_-_ligand,-43.84171286893742,0
5RF7_-_minimized_dehyd_5RGZ_-_ligand,-48.991089686206394,0
7BUY_-_minimized_desolv_5RFE_-_ligand,-47.514325221765304,0
5RF7_-_minimized_dehyd_5R84_-_ligand,-28.539699821953228,0
5R81_-_minimized_dehyd_Lopinavir_2,-55.95192737449198,0
5R81_-_minimized_dehyd_Ebastine,-54.107896022096796,0
5RF7_-_minimized_dehyd_5R83_-_ligand,-44.82051122693356,0
7BUY_-_minimized_desolv_5RGX_-_ligand,-51.91600176262235,0
5RH3_-_minimized_dehyd_6M2N_-_ligand,-29.42309833375166,0
5RF7_-_minimized_dehyd__S_-Bepridil,-62.496909125368255,0
5RF7_-_minimized_dehyd_5RGV_-_ligand,-36.74017231717734,0
5RH3_-_minimized_dehyd_5RH2_-_ligand,-40.85023383826503,0
5RF7_-_minimized_dehyd__R_-Bepridil,-39.39758121183078,0
5R81_-_minimized_dehyd_Pimozide,-57.15808452054915,0
5RF7_-_minimized_dehyd_5RGW_-_ligand,-48.381027089311075,0
7BUY_-_minimized_desolv_5RF1_-_ligand,-28.316089625773383,0
5RF7_-_minimized_dehyd_5RGH_-_ligand,-30.726092942547268,0
