Compound,Energy,Flag
2GZ7_Misc_181b_-_preprocessed,-19.3173766803,1
3V3M_3V3M_lig_-_preprocessed,-64.379019096,1
2GZ7_Pyrazolone_133a_-_preprocessed,-59.0979798098,1
2GZ7_Misc_184_-_preprocessed,-32.709257186,1
4TWW_Flavonoid_90a_-_preprocessed,-44.0158905005,1
4WY3_Misc_182_-_preprocessed,-51.8502281411,1
4TWW_Flavonoid_89a_-_preprocessed,-72.3359718459,1
4TWW_Flavonoid_82a_-_preprocessed,-53.843756316,1
2GZ7_Isatin_81_-_preprocessed,-47.8917771739,1
4WY3_Pyrazolone_136b_-_preprocessed,-35.9472377439,1
4TWW_Pyrimidine_140a_-_preprocessed,-52.2785661792,1
2GZ7_Terpene_99_-_preprocessed,-27.5064444658,1
4TWW_Flavonoid_88a_-_preprocessed,-60.9767092501,1
3V3M_Imidazole_134_-_preprocessed,-76.0253022305,1
4TWW_Triazole_104_-_preprocessed,-53.9532128154,1
4TWW_Pyridine_130_-_preprocessed,-56.1211384152,1
2GZ7_Flavonoid_86b_-_preprocessed,-24.6543717403,1
4WY3_Terpene_100_-_preprocessed,-45.3357583668,1
4WY3_Pyrazolone_137a_-_preprocessed,-35.430862758,1
4TWW_Pyridine_132_-_preprocessed,-47.657135438,1
4WY3_Isatin_78_-_preprocessed,-46.775360411,1
2GZ7_Misc_189c_-_preprocessed,-49.9982058364,1
4TWW_Isatin_79_-_preprocessed,-38.7531789525,1
4TWW_Isatin_77_-_preprocessed,-32.9221597673,1
4TWW_Pyridine_131b_-_preprocessed,-52.0787461736,1
4TWW_Flavonoid_83c_-_preprocessed,-38.3366967689,1
4TWW_Flavonoid_87a_-_preprocessed,-84.1437526631,1
4TWW_Misc_183_-_preprocessed,-60.1993958231,1
2GZ7_Sulfone_103_-_preprocessed,-47.7005436379,1
4WY3_Isatin_80_-_preprocessed,-51.0087274357,1
2GZ7_Pyrimidine_110_-_preprocessed,-57.2631975904,1
4TWW_Isatin_76_-_preprocessed,-41.5091245793,1
4TWW_Thiophene_108_-_preprocessed,-64.7918687273,1
4WY3_Isatin_75_-_preprocessed,-39.5035084696,1
2GZ7_Thiophene_106_-_preprocessed,-48.4914260905,1
4TWW_Pyrimidine_139_-_preprocessed,-61.7431674094,1
2GZ7_Pyridine_129_-_preprocessed,-54.4486619052,1
4WY3_Pyrazolone_135a_-_preprocessed,-53.2746750588,1
4TWW_5RGH_-_ligand_-_preprocessed,-33.8456291572,0
2GZ7_5R84_-_ligand_-_preprocessed,-30.983097943,0
2GZ7_5RGY_-_ligand_-_preprocessed,-40.5483581028,0
2GZ7_5RGV_-_ligand_-_preprocessed,-47.7890897869,0
4TWW_5RFE_-_ligand_-_preprocessed,-31.5246306065,0
4TWW_5REZ_-_ligand_-_preprocessed,-23.6396185038,0
4TWW_5RH2_-_ligand_-_preprocessed,-49.2028836498,0
4TWW_Nelfinavir_2_-_preprocessed,-61.0812930272,0
2GZ7_5RGX_-_ligand_-_preprocessed,-40.6796401726,0
2GZ7_5RH1_-_ligand_-_preprocessed,-45.3946441236,0
2GZ7_5R7Y_-_ligand_-_preprocessed,-34.1562895466,0
2GZ7_5REB_-_ligand_-_preprocessed,-16.1390927376,0
2GZ7_5RH0_-_ligand_-_preprocessed,-34.4466890364,0
4TWW_5RF7_-_ligand_-_preprocessed,-46.1960862864,0
3V3M_5RF6_-_ligand_-_preprocessed,-30.9011825534,0
2GZ7_5RH3_-_ligand_-_preprocessed,-48.5035316762,0
3V3M_5R81_-_ligand_-_preprocessed,-32.073163587,0
4TWW_5RGU_-_ligand_-_preprocessed,-47.577747382,0
4TWW__S_-Bepridil_-_preprocessed,-37.7467449949,0
4TWW_Lopinavir_2_-_preprocessed,-84.3227238576,0
4TWW_5RG1_-_ligand_-_preprocessed,-49.5148421707,0
4TWW_5RGI_-_ligand_-_preprocessed,-43.2234017589,0
4TWW_5RH8_-_ligand_-_preprocessed,-48.7444849343,0
2GZ7_5RGW_-_ligand_-_preprocessed,-51.2476360201,0
2GZ7_5R7Z_-_minimized_lig_-_preprocessed,-36.4036378628,0
3V3M_5R80_-_ligand_-_preprocessed,-34.9592486606,0
2GZ7_Pimozide_-_preprocessed,-60.0415328499,0
2GZ7_5R83_-_ligand_-_preprocessed,-47.2541364101,0
4WY3_6M2N_-_ligand_-_preprocessed,-18.3782775662,0
2GZ7_5RGZ_-_ligand_-_preprocessed,-48.3821326934,0
4MDS_5RF1_-_ligand_-_preprocessed,-24.0112157857,0
4TWW__R_-Bepridil_-_preprocessed,-43.24739819,0
3V3M_Ebastine_-_preprocessed,-47.159115627,0
