Compound,Energy,Flag
4TWW_5RGH_-_ligand_-_preprocessed,-33.84562915720254,0
2GZ7_5R84_-_ligand_-_preprocessed,-30.98309794300003,0
2GZ7_5RGY_-_ligand_-_preprocessed,-40.54835810275926,0
2GZ7_5RGV_-_ligand_-_preprocessed,-47.78908978693743,0
4TWW_5RFE_-_ligand_-_preprocessed,-31.52463060654681,0
4TWW_5REZ_-_ligand_-_preprocessed,-23.63961850376582,0
4TWW_5RH2_-_ligand_-_preprocessed,-49.202883649803546,0
4TWW_Nelfinavir_2_-_preprocessed,-61.08129302721498,0
2GZ7_5RGX_-_ligand_-_preprocessed,-40.679640172612565,0
2GZ7_5RH1_-_ligand_-_preprocessed,-45.394644123563204,0
2GZ7_5R7Y_-_ligand_-_preprocessed,-34.15628954658442,0
2GZ7_5REB_-_ligand_-_preprocessed,-16.139092737611108,0
2GZ7_5RH0_-_ligand_-_preprocessed,-34.44668903640232,0
4TWW_5RF7_-_ligand_-_preprocessed,-46.196086286383256,0
3V3M_5RF6_-_ligand_-_preprocessed,-30.90118255336622,0
2GZ7_5RH3_-_ligand_-_preprocessed,-48.50353167616941,0
3V3M_5R81_-_ligand_-_preprocessed,-32.07316358698755,0
4TWW_5RGU_-_ligand_-_preprocessed,-47.57774738196605,0
4TWW__S_-Bepridil_-_preprocessed,-37.74674499487446,0
4TWW_Lopinavir_2_-_preprocessed,-84.32272385763227,0
4TWW_5RG1_-_ligand_-_preprocessed,-49.514842170701016,0
4TWW_5RGI_-_ligand_-_preprocessed,-43.22340175890842,0
4TWW_5RH8_-_ligand_-_preprocessed,-48.7444849343192,0
2GZ7_5RGW_-_ligand_-_preprocessed,-51.24763602008024,0
2GZ7_5R7Z_-_minimized_lig_-_preprocessed,-36.403637862755936,0
3V3M_5R80_-_ligand_-_preprocessed,-34.95924866061978,0
2GZ7_Pimozide_-_preprocessed,-60.041532849935365,0
2GZ7_5R83_-_ligand_-_preprocessed,-47.254136410073635,0
4WY3_6M2N_-_ligand_-_preprocessed,-18.37827756617262,0
2GZ7_5RGZ_-_ligand_-_preprocessed,-48.38213269339613,0
4MDS_5RF1_-_ligand_-_preprocessed,-24.01121578565328,0
4TWW__R_-Bepridil_-_preprocessed,-43.2473981899986,0
3V3M_Ebastine_-_preprocessed,-47.159115626971094,0
