Compound,Energy,Flag
1FJS_1Z6E_-_ligand_-_preprocessed,-80.29258853460396,0
1FJS_2BQW_-_ligand_-_preprocessed,-70.61406204001268,0
1IQH_1V3X_-_ligand_-_preprocessed,-56.54277484409956,0
1FJS_3M37_-_ligand_-_preprocessed,-85.32283477134698,0
1IQH_3KL6_-_ligand_-_preprocessed,-92.51146221254314,0
1LQD_1FAX_-_ligand_-_preprocessed,-11.017007374845535,0
3SW2_4BTT_-_ligand_-_preprocessed,-48.363971820583714,0
1IQH_1LPG_-_ligand_-_preprocessed,-78.57253898537638,0
3SW2_2VH0_-_ligand_-_preprocessed,-49.61279159589885,0
3SW2_1WU1_-_ligand_-_preprocessed,-50.865923430399356,0
1IQH_2J34_-_ligand_-_preprocessed,-86.51907244754184,0
1IQH_3CEN_-_ligand_-_preprocessed,-107.11876259840203,0
1FJS_1EZQ_-_ligand_-_preprocessed,-91.76314381110406,0
1FJS_2P94_-_ligand_-_preprocessed,-76.76315331615952,0
1IQH_2CJI_-_ligand_-_preprocessed,-81.50347251479852,0
1IQH_2BMG_-_ligand_-_preprocessed,-91.78144665211548,0
1IQH_2J4I_-_ligand_-_preprocessed,-71.02435855025996,0
3SW2_1NFU_-_ligand_-_preprocessed,-16.622952447455457,0
1IQH_1F0R_-_ligand_-_preprocessed,-38.746109961370884,0
1FJS_2RA0_-_ligand_-_preprocessed,-71.03911570340205,0
1LQD_1F0S_-_ligand_-_preprocessed,-41.434545918136436,0
3SW2_3ENS_-_ligand_-_preprocessed,-31.588645274521333,0
1LPK_1FJS_-_ligand_-_preprocessed,-100.31856458726358,0
1FJS_1NFW_-_ligand_-_preprocessed,-64.99958205461297,0
1FJS_2JKH_-_ligand_-_preprocessed,-84.04027833925683,0
3SW2_2Y82_-_ligand_-_preprocessed,-61.50798457538987,0
1IQH_1G2L_-_ligand_-_preprocessed,-80.64682422539771,0
1FJS_1G2M_-_ligand_-_preprocessed,-55.283380180581105,0
3SW2_2P93_-_ligand_-_preprocessed,-51.59254127369404,0
1IQH_4A7I_-_ligand_-_preprocessed,-75.79433610977121,0
1FJS_3LIW_-_ligand_-_preprocessed,-64.83759244697012,0
3SW2_3SW2_-_ligand_-_preprocessed,-41.512059724531156,0
1LPK_1LPZ_-_ligand_-_preprocessed,-81.53591188932862,0
1FJS_2PHB_-_ligand_-_preprocessed,-91.85791702932927,0
1IQH_1MQ5_-_ligand_-_preprocessed,-80.42637242619402,0
