Compound,Energy,Flag
1FJS_1Z6E_-_ligand_-_preprocessed,-80.2925885346,1
1FJS_2BQW_-_ligand_-_preprocessed,-70.61406204,1
1IQH_1V3X_-_ligand_-_preprocessed,-56.5427748441,1
1FJS_3M37_-_ligand_-_preprocessed,-85.3228347713,1
1IQH_3KL6_-_ligand_-_preprocessed,-92.5114622125,1
1LQD_1FAX_-_ligand_-_preprocessed,-11.0170073748,1
3SW2_4BTT_-_ligand_-_preprocessed,-48.3639718206,1
1IQH_1LPG_-_ligand_-_preprocessed,-78.5725389854,1
3SW2_2VH0_-_ligand_-_preprocessed,-49.6127915959,1
3SW2_1WU1_-_ligand_-_preprocessed,-50.8659234304,1
1IQH_2J34_-_ligand_-_preprocessed,-86.5190724475,1
1IQH_3CEN_-_ligand_-_preprocessed,-107.1187625984,1
1FJS_1EZQ_-_ligand_-_preprocessed,-91.7631438111,1
1FJS_2P94_-_ligand_-_preprocessed,-76.7631533162,1
1IQH_2CJI_-_ligand_-_preprocessed,-81.5034725148,1
1IQH_2BMG_-_ligand_-_preprocessed,-91.7814466521,1
1IQH_2J4I_-_ligand_-_preprocessed,-71.0243585503,1
3SW2_1NFU_-_ligand_-_preprocessed,-16.6229524475,1
1IQH_1F0R_-_ligand_-_preprocessed,-38.7461099614,1
1FJS_2RA0_-_ligand_-_preprocessed,-71.0391157034,1
1LQD_1F0S_-_ligand_-_preprocessed,-41.4345459181,1
3SW2_3ENS_-_ligand_-_preprocessed,-31.5886452745,1
1LPK_1FJS_-_ligand_-_preprocessed,-100.3185645873,1
1FJS_1NFW_-_ligand_-_preprocessed,-64.9995820546,1
1FJS_2JKH_-_ligand_-_preprocessed,-84.0402783393,1
3SW2_2Y82_-_ligand_-_preprocessed,-61.5079845754,1
1IQH_1G2L_-_ligand_-_preprocessed,-80.6468242254,1
1FJS_1G2M_-_ligand_-_preprocessed,-55.2833801806,1
3SW2_2P93_-_ligand_-_preprocessed,-51.5925412737,1
1IQH_4A7I_-_ligand_-_preprocessed,-75.7943361098,1
1FJS_3LIW_-_ligand_-_preprocessed,-64.837592447,1
3SW2_3SW2_-_ligand_-_preprocessed,-41.5120597245,1
1LPK_1LPZ_-_ligand_-_preprocessed,-81.5359118893,1
1FJS_2PHB_-_ligand_-_preprocessed,-91.8579170293,1
1IQH_1MQ5_-_ligand_-_preprocessed,-80.4263724262,1
1FJS_5REB_-_ligand_-_preprocessed,-36.6116009964,0
1FJS_5R83_-_ligand_-_preprocessed,-54.8546370267,0
1FJS_5RH1_-_ligand_-_preprocessed,-51.4895985487,0
3SW2_Pimozide_-_preprocessed,-53.5251886423,0
1FJS_5RGW_-_ligand_-_preprocessed,-45.0596374347,0
1LPK_Nelfinavir_1_-_preprocessed,-74.1250967256,0
1LQD_5RGV_-_ligand_-_preprocessed,-57.0650901564,0
1IQH_5REZ_-_ligand_-_preprocessed,-32.800395813,0
1FJS_Lopinavir_-_preprocessed,-92.1431447426,0
1FJS_5RF7_-_ligand_-_preprocessed,-37.7295011271,0
1IQH_5RGZ_-_ligand_-_preprocessed,-46.3137007524,0
3SW2_5RF1_-_ligand_-_preprocessed,-10.4398460983,0
3SW2__S_-Bepridil_-_preprocessed,-22.0491447024,0
1FJS_5RFE_-_ligand_-_preprocessed,-38.5368337974,0
3SW2_5RH3_-_ligand_-_preprocessed,-19.5000103532,0
1IQH_5RGX_-_ligand_-_preprocessed,-63.4793897051,0
1LPK_5R7Y_-_ligand_-_preprocessed,-42.3027411716,0
1LQD_5RGI_-_ligand_-_preprocessed,-15.7368786459,0
1FJS_Ebastine_-_preprocessed,-60.4341984476,0
1LPK_5RGY_-_ligand_-_preprocessed,-61.9749673494,0
1IQH_5R81_-_ligand_-_preprocessed,-35.1117472004,0
1FJS_5RH2_-_ligand_-_preprocessed,-57.2583899735,0
1FJS_5RF6_-_ligand_-_preprocessed,-28.0221682715,0
1FJS_5RGH_-_ligand_-_preprocessed,-42.0693607772,0
3SW2_6M2N_-_ligand_-_preprocessed,-14.2925623325,0
1FJS_5RGU_-_ligand_-_preprocessed,-55.1852702027,0
1LQD_5RH8_-_ligand_-_preprocessed,-33.6877419899,0
1IQH_5RG1_-_ligand_-_preprocessed,-50.9056395135,0
3SW2_5R80_-_ligand_-_preprocessed,-6.7386295583,0
1IQH_5R7Z_-_minimized_lig_-_preprocessed,-48.1013200161,0
3SW2_5RH0_-_ligand_-_preprocessed,-19.4671192259,0
3SW2__R_-Bepridil_-_preprocessed,-11.9688241231,0
1LQD_5R84_-_ligand_-_preprocessed,-31.7049283638,0
