Compound,Energy,Flag
1FJS_5REB_-_ligand_-_preprocessed,-36.61160099637474,0
1FJS_5R83_-_ligand_-_preprocessed,-54.85463702674351,0
1FJS_5RH1_-_ligand_-_preprocessed,-51.48959854867881,0
3SW2_Pimozide_-_preprocessed,-53.52518864232915,0
1FJS_5RGW_-_ligand_-_preprocessed,-45.05963743469057,0
1LPK_Nelfinavir_1_-_preprocessed,-74.12509672561627,0
1LQD_5RGV_-_ligand_-_preprocessed,-57.065090156380776,0
1IQH_5REZ_-_ligand_-_preprocessed,-32.80039581296331,0
1FJS_Lopinavir_-_preprocessed,-92.14314474263594,0
1FJS_5RF7_-_ligand_-_preprocessed,-37.72950112713571,0
1IQH_5RGZ_-_ligand_-_preprocessed,-46.313700752417745,0
3SW2_5RF1_-_ligand_-_preprocessed,-10.43984609829985,0
3SW2__S_-Bepridil_-_preprocessed,-22.04914470240672,0
1FJS_5RFE_-_ligand_-_preprocessed,-38.536833797407624,0
3SW2_5RH3_-_ligand_-_preprocessed,-19.500010353232014,0
1IQH_5RGX_-_ligand_-_preprocessed,-63.47938970507001,0
1LPK_5R7Y_-_ligand_-_preprocessed,-42.302741171587336,0
1LQD_5RGI_-_ligand_-_preprocessed,-15.736878645922479,0
1FJS_Ebastine_-_preprocessed,-60.43419844760483,0
1LPK_5RGY_-_ligand_-_preprocessed,-61.97496734942596,0
1IQH_5R81_-_ligand_-_preprocessed,-35.11174720035052,0
1FJS_5RH2_-_ligand_-_preprocessed,-57.258389973468375,0
1FJS_5RF6_-_ligand_-_preprocessed,-28.022168271456025,0
1FJS_5RGH_-_ligand_-_preprocessed,-42.069360777150735,0
3SW2_6M2N_-_ligand_-_preprocessed,-14.292562332518168,0
1FJS_5RGU_-_ligand_-_preprocessed,-55.18527020272268,0
1LQD_5RH8_-_ligand_-_preprocessed,-33.68774198992524,0
1IQH_5RG1_-_ligand_-_preprocessed,-50.905639513547236,0
3SW2_5R80_-_ligand_-_preprocessed,-6.73862955829645,0
1IQH_5R7Z_-_minimized_lig_-_preprocessed,-48.10132001613256,0
3SW2_5RH0_-_ligand_-_preprocessed,-19.46711922593094,0
3SW2__R_-Bepridil_-_preprocessed,-11.968824123066778,0
1LQD_5R84_-_ligand_-_preprocessed,-31.704928363844203,0
